,Unnamed: 0,name,artwork,poseType,sod,gRoq1,gRoq2,gRoq3,gRoq4,reasons,tempo_score,tempo,pitch_score,pitch,density_score,density
0,0,나비,A12,fight,10.0,,"[열A] colA,[열B] colB,[열C] colC","[열A] colA,[열B] colB,[열C] colC","[열A] colA,[열B] colB","역동적인 몸의 움직임. 사람의 비중이 커보여서, 상대적으로 큰 자세/역동적 자세에 눈길이 감",1.0,10,3.0,3,1.0,10
1,1,rub,A12,fight,8.0,"[열A] colA,[열B] colB,[열C] colC","[열A] colA,[열B] colB,[열C] colC","[열C] colC,[열B] colB",,"red for me is a really mad color, and  they seems are punching each others",7.0,7 |  it's a heated argument,3.0,3 |  it's too mad to be high,7.0,"7 |  the movements seems fast, the whole fights looks stressful"
2,2,Daisy,A12,fight,8.0,"[열C] colC,[열D] colD","[열B] colB,[열A] colA,[열D] colD,[열C] colC","[열A] colA,[열B] colB,[열C] colC,[열D] colD","[열A] colA,[열B] colB",The people in the scene are fighting with each other.,7.0,7 |  The fighting scene should have high tempo.,5.0,"5 |  The pressure of the fight pulls down the pitch, and the dark color scheme adds on that effect.",8.0,8 |  The scene looks intense.
3,3,Doky,A12,fight,8.0,"[열B] colB,[열C] colC","[열B] colB,[열C] colC,[열D] colD","[열C] colC,[열B] colB",,인물들의 격한 움직임과 상황적인 유추 (싸움).,8.0,8 |  긴장감 넘치는 상황을 극대화하기 위한 빠른 템포.,2.0,2 |  전반적으로 어두운 상황과 어두운 색채로 인한 낮은 핏치의 음악. (충분한 긴장감을 부여한다는 가정하에),8.0,8 |  긴박함을 double up 하기 위한 촘촘한 밀도의 음악
4,4,chanpig,A12,fight,7.0,,"[열A] colA,[열B] colB,[열C] colC,[열D] colD","[열A] colA,[열B] colB,[열C] colC,[열D] colD","[열A] colA,[열B] colB,[열C] colC,[열D] colD",몸의 움직임이 보임,8.0,8 |  팔을 뻗은 사람 맞는 사람 말리는사람이 모다 다 다급해보인다 ,3.0,3 |  배경 색감이좀 착하고 남자들의 싸움은 좀 낮은 음일듯,7.0,7 |  남자들이 싸우는 모습과 배경이 주는 느낌? 
5,5,곤듀,A12,fight,10.0,"[열A] colA,[열B] colB,[열C] colC,[열D] colD","[열D] colD,[열C] colC,[열B] colB,[열A] colA","[열D] colD,[열C] colC,[열B] colB,[열A] colA","[열D] colD,[열C] colC,[열B] colB,[열A] colA",디테일하고 현실적인 표현의 그림은 아니지만 인물의 행동 배경 화풍 등 모든면이 역동적 느낌을 줌,9.0,9 |  매우 역동적임을 느끼게 하는 그림으로 매우 빠른 템포가 어울릴 것으로 생각됨,0.0,0 |  그림의 색감이 전체적으로 어둡고 무거운 느낌을 받게 함에 따라 매우 낮은 피치의 음이 어울릴 것으로 생각함,9.0,9 |  매우 높은 밀도의 음으로 더욱더 긴장감있고 호소력짙은 표현을 해야한다고 생각함
6,6,이인애,A12,fight,7.0,[열B] colB,"[열B] colB,[열C] colC",,,강렬한색감,7.0,7,6.0,6,7.0,7
7,7,고고,A12,fight,9.0,,"[열B] colB,[열C] colC,[열D] colD","[열B] colB,[열C] colC,[열D] colD",,싸우는모습과 말리는 모습,9.0,9,9.0,9,9.0,9
8,8,경,A12,fight,8.0,,"[열D] colD,[열B] colB","[열A] colA,[열B] colB,[열C] colC","[열A] colA,[열B] colB","다리를 디디는 자세, 다른 사람과의 관계를 통해 역동적인 느낌을 받을 수 있음.",8.0,8 |  빠른 속도의 곡을 통해 사람들의 역동적인 움직임을 잘 드러냄.,2.0,2 |  힘을 주는 듯한 남성적인 움직임에 잘 어울림.,5.0,"5 |  아주 가볍지도, 여유롭지도 않은 움직임에 잘 어울림."
9,9,yoni,A12,fight,7.0,"[열B] colB,[열C] colC,[열D] colD",[열C] colC,,,투박한 그림의 질감 ,3.0,3,3.0,3,2.0,2
10,10,밍경댕,A12,fight,7.0,"[열D] colD,[열B] colB,[열C] colC","[열D] colD,[열C] colC,[열B] colB,[열A] colA","[열D] colD,[열C] colC,[열B] colB,[열A] colA","[열C] colC,[열B] colB,[열A] colA",사람들의 움직임과 근육이 역동적으로 느껴지고 빨간 배경을 흩뿌려 그린 게 역동적으로 느껴집니다. ,8.0,8 |  빠른 음악으로 힘을 쓰는 느낌이 전달 되었으면 좋겠습니다.,3.0,3 |  남자들의 무거운 힘싸움이 상상이 가게 낮은 음의 음악을 사용하고 싶습니다. ,4.0,4 |  남자들이 힘을 쓰는 모습이기에 조금은 낮은 밀도를 사용하지만 스포츠와 관련된 운동으로 느껴져 긴박함은 느껴지지 않아 너무 낮지 않은 밀도를 선택했습니다.
11,11,배뀽,A12,fight,,,,,,,,,,,,
12,12,미지,A12,fight,8.0,"[열B] colB,[열C] colC",,"[열C] colC,[열B] colB,[열A] colA","[열C] colC,[열B] colB,[열A] colA",질감표현과 색대비,3.0,3 | 그림표현의 무게감이 느껴져서,3.0,3 | 거친 표현과 어울림,3.0,3 | 거칠지만 단순한 그림표현이 낮은밀도의 음악과 어울림
13,13,boldmas,A12,fight,10.0,"[열A] colA,[열B] colB,[열C] colC,[열D] colD","[열B] colB,[열C] colC,[열D] colD,[열A] colA","[열C] colC,[열D] colD,[열A] colA,[열B] colB","[열C] colC,[열D] colD,[열A] colA,[열B] colB",the entire canvas is filled with movement including the characters and the background (very long brush strokes and the red color),1.0,10 | it is a very tense scene; they seem to be fighting and red portrays anger and violence.,2.0,2 | the imagery is dark and intense. The colors are darker in shade and the characters are in conflict.,1.0,"10 | It is a very complex scene; a combination of three characters in movement, a dark and red background, and many long brush strokes."
14,14,jellybelly,A12,fight,,,,,,,,,,,,
15,0,나비,A13,sit,2.0,,[열C] colC,"[열B] colB,[열C] colC","[열C] colC,[열B] colB","안정적이고, 이 상태로 2시간이 지나도록 있을 수 있을것같은 느낌.",1.0,1,2.0,2,2.0,2
16,1,rub,A13,sit,1.0,,,,[열D] colD,I assumed there should be a interaction between character and the environments,2.0,2 |  she looking bored and peaceful ,4.0,4 |  it's neither energetic nor holy,4.0,4 |  chilling vibe for me
17,2,Daisy,A13,sit,5.0,,"[열A] colA,[열B] colB,[열C] colC,[열D] colD","[열A] colA,[열B] colB,[열C] colC,[열D] colD",,"When there are humans, I tend to suppose that they are active and moving. However, in this painting, the girl looks idle. The grass behind her looks more dynamic to me.",3.0,3 |  The picture looks very calm.,4.0,4 |  I think the color scheme of the whole painting makes me think so.,4.0,"4 |  The scene looks very calming, so there should not be any bustle."
18,3,Doky,A13,sit,0.0,,,[열C] colC,,인물의 움직임이 없기 때문에 역동적인 느낌이 들지 않음,0.0,"0 |  그림의 역동성이 느껴지지 않고, 인물의 움직임도 쉼에 가깝기 때문에 아주 느린 템포의 곡이 어울림. ",1.0,1 |  인물을 둘러싼 배경이 어둡고 역동성도 없기 때문에 낮은 음이 해당 그림과 어우러질 것 같음. ,2.0,2 |  음악의 밀도 역시 역동성이 떨어지기 때문에 낮아야 더 이상적임. 딱히 음악의 역동적인 기교가 필요가 없을 것 같고 오히려 밀도가 높으면 그림에 대한 이입이 떨어질 것 같음. 
19,4,chanpig,A13,sit,2.0,,[열B] colB,[열B] colB,,앉아있어서…?  풀들도 날리지않음 ,3.0,3 |  바람도 안불어서 멈춰있는 느낌,1.0,1 |  음이 필요할까싶을 정도로 지루해보임 ,1.0,1 |  앉아있고 움직임이 없어보여서
20,5,곤듀,A13,sit,1.0,"[열A] colA,[열B] colB,[열C] colC,[열D] colD",,,,그림에서 전체적으로 역동적임이 느껴지지 않음. 단지 하늘에 떠있는 구름만이 둥둥떠다니는 장면이 연상됨,3.0,3 |  전체적으로 역동적임이 느껴지지 않으나 인물의 표정에 의해 음악의 템포가 매우 느림은 확실히 아님.  매우 느림 - 보통 사이에서 보통에 조금 더 치우친 템포,8.0,8 |  그림에서 전체적인 장면보다는 인물의 표정이 눈에 들어옴 표정에서 다소 엉뚱함을 느껴짐에 따라 다소 높은 음이 연상됨,5.0,5 |  위의 세팅에서 보통의 밀도가 적합하다고 생각됨
21,6,이인애,A13,sit,0.0,,,[열C] colC,,정적인느낌,1.0,1,2.0,2,2.0,2
22,7,고고,A13,sit,1.0,,[열C] colC,[열C] colC,,앉아있는모습,1.0,1,1.0,1,1.0,1
23,8,경,A13,sit,0.0,,,"[열C] colC,[열B] colB",[열C] colC,가만히 있는 포즈로 역동적이지 않은 느낌을 잘 드러냄.,1.0,1 |  가만히 있고 지루하지만 잠을 자는 정도로 가만히 있는 것은 아닌 역동성을 잘 드러냄.,2.0,"2 |  정적인 느낌, 무난하고 평화로운 분위기를 잘 드러냄.",2.0,"2 |  정적인 느낌, 무난하고 평화로운 분위기를 잘 드러냄."
24,9,yoni,A13,sit,3.0,"[열A] colA,[열B] colB,[열C] colC,[열D] colD",,[열C] colC,[열C] colC,"하늘의 구름, 인물의 자세",3.0,3 |  전반적인 풍경은 고요함,5.0,5 |  평온한느낌,3.0,3
25,10,밍경댕,A13,sit,0.0,"[열B] colB,[열A] colA,[열C] colC,[열D] colD",,[열C] colC,[열C] colC,산과 같은 정적인 배경과 여인의 심드렁한 표정 및 턱을 괴고 앉아있는 정지된 포즈,1.0,1 |  여인의 표정과 포즈에 드러나는 심심한 감정엔 느린 음악이 잘 어울릴 것 같음,5.0,5 |  정적으론 보이지만 우울해 보이진 않아 낮음 음보단 보통의 음악으로 표현했으면 좋겠음.,2.0,2 |  여러 악기를 사용하지 않고 단일 악기만으로 연주되는 음악이 상상됨.
26,11,배뀽,A13,sit,0.0,,[열A] colA,[열A] colA,,뒤에 풀이 흔들리는 정도? ,1.0,1 |  고민하고 있어서 ,1.0,1 |  아무 행동도 취하지 않아서 ,0.0,0 |  가만히 고민하는데 밀도가 높으면 고민을 못할 것 같음 
27,12,미지,A13,sit,0.0,"[열A] colA,[열B] colB,[열C] colC,[열D] colD","[열A] colA,[열B] colB,[열C] colC,[열D] colD","[열A] colA,[열B] colB,[열C] colC,[열D] colD","[열A] colA,[열B] colB,[열C] colC,[열D] colD","바람이 불지않는 날씨, 멍하게 앉아있는 여자 등 전체적인 분위기",2.0,2 | 역동적이지는 않지만 외부 환경을 바탕으로 하고 있기때문에 매우 느리지는 않고 어느정도만 느린 템포가 이상적임,7.0,7 | 여성의 휴식이 잠깐으로 느껴지기때문에 보통보다 약간 높은 음,1.0,1 | 휴식 중인 그림 상황에 맞게 단조로운 음악이 어울림
28,13,boldmas,A13,sit,0.0,,,"[열C] colC,[열B] colB","[열C] colC,[열B] colB",The woman is the main subject of the painting and the focus is on her.,0.0,0 | There are no actions taking place,4.0,4 | The scene is static but relaxing.,1.0,"1 | There is not much going on in the artwork, so not much density should be expected from the music."
29,14,jellybelly,A13,sit,2.0,,,[열C] colC,,"이 그림이 역동적이지 않다고 판단하게 만든 가장 큰 요소는 그림 속 인물의 표정입니다. 물론 여인의 정적인 포즈도 영향을 주었지만, 그녀가 생각에 잠긴듯한, 무엇에 대해 사색하는 표정이 그림속 상황에서 어떠한 움직임이 부재한 것을 나타내는 것 같다고 느낀 점이 가장 큰 이유라고 생각합니다.",3.0,3 | 무엇을 생각하는 듯한 그림 속 상황에서는 천천히 흐르는 음악이 이를 적절하게 묘사할 것 같습니다.,3.0,"3 | 그림 속 대부분의 면적은 평화로운 자연을 담고 있는데, 보통 자연을 담고자 하는 음악에서는 피치가 낮은 경향이 있는 것 같습니다. 그편이 더 ""자연""스럽다는 생각입니다.",5.0,"5 | 처음에는 밀도가 낮은 음악이 좋겠다는 생각을 하였지만, 그럼 전반적인 감상 경험(시각+청각)이 다소 심심할 수도 있겠다는 생각이 들어 보통으로 마킹했습니다."
30,0,나비,A8,ballet,9.0,,"[열B] colB,[열C] colC,[열D] colD","[열B] colB,[열A] colA,[열C] colC,[열D] colD",[열B] colB,팔다리의 큰 움직임,9.0,9,7.0,7,8.0,8
31,1,rub,A8,ballet,9.0,"[열A] colA,[열B] colB,[열C] colC,[열D] colD","[열A] colA,[열B] colB,[열C] colC,[열D] colD","[열A] colA,[열B] colB,[열C] colC,[열D] colD","[열A] colA,[열B] colB,[열C] colC,[열D] colD","it's a really loud painting for me, can hear the trainer shouting in the ballet classroom",8.0,8 |  i can image they've repeated this for thousands,7.0,7,8.0,8 |  he ( the trainer) is mad
32,2,Daisy,A8,ballet,6.0,,"[열B] colB,[열C] colC,[열D] colD","[열B] colB,[열A] colA,[열C] colC","[열B] colB,[열D] colD","The women are dancing, but the quality of the painting (or the drawing style) makes me feel that the definition is not good enough for rating the dynamics.",6.0,6 |  I think the tempo here is the tempo of the ballet dance.,8.0,"8 |  Because there is a conductor at the bottom of the painting, I think the music is high-pitched.",7.0,7 |  Same reason with the question about the pitch.
33,3,Doky,A8,ballet,8.0,,"[열C] colC,[열D] colD",[열B] colB,,일단 역동적 움직임을 하는 인원이 다인원임에 따라 역동성이 극대화됨 ,7.0,7 |  단체의 움직임인만큼 비교적 빠른 음악이 어울릴 것 같음. ,4.0,4 |  뭔가 부족의 느낌이 강하기 때문에 좀 웅장하고 어두워보여 보통보다 조금 낮은 핏치가 어울림. ,9.0,9 |  부족의 음악처럼 다양한 음악적 색채로 어우러진 높은 밀도의 음악이 어울릴 것 같음. 
34,4,chanpig,A8,ballet,7.0,"[열A] colA,[열B] colB,[열C] colC,[열D] colD","[열A] colA,[열B] colB,[열C] colC,[열D] colD","[열A] colA,[열B] colB","[열A] colA,[열B] colB",움직임도 보이고 배경에ㅜ라인이 잇어서 좀더 역동적,7.0,7 |  배경에 라인때문에 좀더 빠라보임,6.0,6 |  배경이 주는 색감때문에 엄청 높지않을듯 ,8.0,8 |  배경때문에 뭔가 급하고 긴장감이 보임
35,5,곤듀,A8,ballet,5.0,,"[열B] colB,[열C] colC","[열B] colB,[열C] colC","[열B] colB,[열C] colC",선택한 부분에서 두 사람이 합을 맞추어 춤을 추고 있음이 느껴짐,5.0,5 |  그림의 색감 등 전체적인 분위기가 우아한 파티를 연상캐 함,3.0,3 |  샘플상의 보통피치는 본 그림에서 느껴지는 분위기에 비해 가볍다고 생각됨. 매우 낮은 피치 또는  매우 낮은 - 보통의 사이정도의 피치가 적당할 것으로 생각함.,5.0,5 |  그림을 보자마자 우아함이 연상됨. 따라서 보통의 음의 밀도가 적합하다고 생각함.
36,6,이인애,A8,ballet,7.0,,"[열A] colA,[열B] colB,[열C] colC,[열D] colD",,,선 터치 강렬,7.0,7,6.0,6,4.0,4
37,7,고고,A8,ballet,9.0,[열D] colD,"[열B] colB,[열C] colC,[열D] colD,[열A] colA","[열B] colB,[열D] colD,[열C] colC",,다수가 춤추는 모습,9.0,9,9.0,9,9.0,9
38,8,경,A8,ballet,10.0,[열D] colD,[열C] colC,"[열A] colA,[열B] colB,[열C] colC",[열B] colB,"여러 인물의 팔, 다리의 포즈로 활동적인 움직임이 잘 드러남.",9.0,9 |  활동적인 움직임을 잘 나타냄.,7.0,"7 |  무겁지 않은 분위기, 여러 사람의 움직임을 잘 드러냄.",8.0,8 |  여러 사람의 움직임을 잘 드러냄.
39,9,yoni,A8,ballet,7.0,,"[열A] colA,[열B] colB,[열C] colC,[열D] colD","[열A] colA,[열B] colB,[열C] colC,[열D] colD","[열A] colA,[열B] colB,[열C] colC,[열D] colD",인물과 배경의 경계의 모호함 오른쪽 밑 쌩뚱맞은 손,9.0,9,8.0,8,3.0,3
40,10,밍경댕,A8,ballet,6.0,,"[열C] colC,[열D] colD","[열B] colB,[열C] colC","[열B] colB,[열D] colD",자세가 역동적인 자세이나 화법이 좀 차분해서 그렇게 역동적으로 안 느껴짐 또한 회초리로 인해 억지로 연습하는 느낌,3.0,3 |  화법이나 색감이 그렇게 빠른 느낌은 안 듬,4.0,4 |  어두운 발레가 생각남.,8.0,8 |  배경이 짙은 녹색이다보니 밀도가 좀 높은 음으로 구성될 것 같음.
41,11,배뀽,A8,ballet,9.0,"[열A] colA,[열B] colB,[열C] colC,[열D] colD","[열A] colA,[열B] colB,[열C] colC,[열D] colD","[열A] colA,[열B] colB,[열C] colC","[열A] colA,[열B] colB,[열C] colC,[열D] colD",춤추는 발레리나 숲의 떨림 ,8.0,8 |  지휘자의 지휘봉이 빠를 것 같음 ,9.0,9 |  빠른음으로 격렬하게 했으면 좋겠다 ,9.0,9 |  사람 많은 걸로 보아 밀도가 촘촘해야한다 
42,12,미지,A8,ballet,6.0,"[열A] colA,[열B] colB,[열C] colC,[열D] colD","[열A] colA,[열B] colB,[열C] colC",[열A] colA,[열A] colA,배경의 거친표현이 역동성을 살림,4.0,4 | 질감 표현이 거칠게 느껴지고 전체적인 색채가 어두워 밝은 느낌의 빠른템포가 어울리지않음,4.0,4 | 위와 같은 이유,8.0,8 | 등장인물들의 수가 많기 때문에
43,13,boldmas,A8,ballet,10.0,,"[열C] colC,[열D] colD,[열B] colB","[열A] colA,[열B] colB,[열C] colC","[열A] colA,[열B] colB",The moving subjects of the painting and the most amount of concentrated and long brush strokes.,1.0,10 | The subjects seem to be dancing swiftly,8.0,8 | The performance seems to be very lively,1.0,10 | The performance seems to be intricate and lively and there are a multitude of people dancing
44,14,jellybelly,A8,ballet,,,,,,,,,,,,
45,0,나비,A11,fight,10.0,,"[열B] colB,[열C] colC","[열B] colB,[열C] colC","[열B] colB,[열C] colC",팔동작 (많이 들어올려져 있다는 것) -- 힘을 많이 써서 애써 하는 동작,9.0,9,3.0,3,8.0,8
46,1,rub,A11,fight,7.0,"[열B] colB,[열C] colC",,,,It seems like they are fighting..?,3.0,3 |  I'm not sure if there are rocks in their hands but it makes me feel like it should be strong but solid tempo,2.0,"2 |  as the reason above, and the color makes me feel more con forza",3.0,3 |  as a reason above
47,2,Daisy,A11,fight,6.0,,"[열A] colA,[열B] colB,[열C] colC,[열D] colD","[열A] colA,[열B] colB,[열C] colC,[열D] colD","[열B] colB,[열C] colC",I see three humans and probably the sea behind them.,7.0,7 |  I think the people are fighting.,7.0,7 |  So the fight should be a bit dramatic.,7.0,7
48,3,Doky,A11,fight,8.0,,"[열B] colB,[열C] colC",,,그림 속 인물의 높고 넓게 뻗은 팔이 역동적인 느낌을 가장 많이 주는 부분으로 보여짐.,8.0,8 |  뭔가 긴박한 상황처럼 보여지는 그림의  context상 빠른 템포의 음악이 연상됨.,6.0,"6 |  그림의 역동적인 부분이 '몸싸움'을 표현하는 것으로 보여지는데, 색채가 비교적 밝아서 너무 심각하고 심오한 것으로 보여지지는 않음. 따라서 높은 비교적 높은 핏치가 어울릴 것으로 생각됨. ",9.0,9 |  높은 밀도의 음악이 해당 그림의 긴박한 역동성을 더 풍부하게 심화시켜 줄 수 있을 것 같음. 
49,4,chanpig,A11,fight,5.0,"[열A] colA,[열C] colC","[열A] colA,[열B] colB,[열C] colC","[열A] colA,[열B] colB,[열C] colC","[열A] colA,[열B] colB,[열C] colC,[열D] colD",팔을 올려 내려칠듯함 ,4.0,4 |  색감이 흐리멍텅하고 선도 곡선이 많아서 느려보임,3.0,3 |  천천히 움직이는 느낌이라 높은음 말고 낮은음이 느껴짐 색감도 칙칙해서 ,3.0,3 |  역동적인듯하나 뭔가 확신하게 선과 색감이 없어서 
50,5,곤듀,A11,fight,7.0,"[열C] colC,[열B] colB","[열B] colB,[열C] colC","[열B] colB,[열C] colC",,허리에서 팔까지 이어지는 선형이 무언가를 던지는 듯한 느낌을 줌,1.0,"1 |  서로에게 무엇을 던지는 듯한 형태를 보이고 있으나, 전체적인 색감에 의해 슬로우 모션을 보는 듯한 느낌이 듬",1.0,"1 |  역동적이나 슬로우 모션이 연상됨에 따라 다소 우울한 느낌이 들기 때문에, 가벼운 피치보다는 좀더 무거운 피치가 어울린다고 생각함",8.0,8 |  위와같은 음 세팅에서 높은 밀도의 음을 입히는게 메시지 전달에 더 효과적이라고 생각함
51,6,이인애,A11,fight,7.0,[열A] colA,"[열D] colD,[열C] colC,[열B] colB,[열A] colA",[열A] colA,[열C] colC,선의표현,7.0,7,7.0,7,5.0,5
52,7,고고,A11,fight,7.0,[열C] colC,"[열B] colB,[열C] colC","[열B] colB,[열C] colC","[열B] colB,[열C] colC",팔다리동작,7.0,7,7.0,7,7.0,7
53,8,경,A11,fight,8.0,,"[열B] colB,[열C] colC","[열B] colB,[열C] colC","[열B] colB,[열C] colC","팔, 다리의 움직임이 잘 드러남, 다양한 자세와 인물 간의 관계를 통해 역동성이 잘 드러남.",8.0,8 |  너무 밝은 분위기가 아닌 적당히 긴장감 있는 분위기를 잘 드러냄.,2.0,"2 |  아주 밝지는 않은 분위기, 남성적인 움직임을 잘 드러냄.",7.0,7 |  적당히 긴장감 있는 역동성을 잘 드러냄.
54,9,yoni,A11,fight,8.0,,"[열B] colB,[열C] colC","[열B] colB,[열C] colC","[열B] colB,[열C] colC",인물의 움직임이 큼,8.0,8 |  인물의 자세가 역동적이기때문에 긴박하게 느껴짐,2.0,"2 |  자세는 역동적이나 그림 전체의 느낌은 무거움(인물의 체형,색감)",2.0,2 |  2번과 같은이유
55,10,밍경댕,A11,fight,10.0,[열C] colC,"[열C] colC,[열B] colB","[열B] colB,[열C] colC",,돌을 들고 싸우는 느낌이 들고 한 사람은 돌에 맞아 쓰러지고 있는 것 같음.,9.0,9 |  서로의 생명을 걸고 싸우는 긴박함을 나타내는 음악이 나왔으면 좋겠음.,1.0,1 |  낮음 음으로 싸움의 처절함을 느낄 수 있게 만들었으면 좋겠음.,2.0,2 |  낮은 밀도로 중후한 느낌을 주었으면 좋겠음. 
56,11,배뀽,A11,fight,10.0,"[열A] colA,[열B] colB,[열C] colC,[열D] colD","[열A] colA,[열B] colB,[열C] colC,[열D] colD","[열A] colA,[열B] colB,[열C] colC,[열D] colD","[열A] colA,[열B] colB,[열C] colC,[열D] colD","배경의 흔들림, 가운데사람 움직임 돌 들고 싸움",8.0,8 |  싸울 땐 빠르게 진행되야 함,1.0,1 |  무거운 느낌이 필요할 것 같음,8.0,8 |  빠르게 싸움을 끝내고 싶음
57,12,미지,A11,fight,8.0,"[열B] colB,[열C] colC","[열B] colB,[열C] colC","[열B] colB,[열C] colC",,싸우는듯한 동작과 거친 배경표현,4.0,4 | 역동적이나 힘겨운 모습으로 보여서 그다지 빠르지않은 음악이 어울림,2.0,2 | 상동,2.0,2 | 밀도가 높을수록 경쾌한 분위기가 느껴지는데 그림은 경쾌한 느낌이 들지않음
58,13,boldmas,A11,fight,3.0,[열C] colC,"[열C] colC,[열B] colB",,,the arms seems to be in movement,2.0,2 | to match the somber feeling of the art.,1.0,1 | To associate it better to the bad/violent action that is taking place.,0.0,"0 | The art lacks several colors and mostly includes gray and white or different shades of ochre. Similarly, the music should be lacking density."
59,14,jellybelly,A11,fight,6.0,,[열A] colA,"[열A] colA,[열B] colB,[열C] colC,[열D] colD","[열A] colA,[열B] colB","작품 중앙에 묘사한 인물들의 움직임은 크게 역동적이라고 느껴지지는 않지만, 오히려 양옆 그리고 아랫부분의 거친 붓질이 역동성을 느끼게 했습니다.",3.0,"3 | 이 작품 속에 묘사된 인물들의 움직임이 크게 도드라지지 않고, 또 주변 자연의 움직임 또한 느린 템포인 음악과 함께 매칭되는 것이 자연스럽게 느껴집니다.",2.0,"2 | 음이 높을 수록 경쾌한 느낌이 있는데, 이 작품에서는 이와는 거리가 멀다고 느껴지기 때문.",7.0,7 | 작품 속의 붓자국이나 자아내는 분위기가 상당히 강렬하다고 느껴지기 때문에 밀도있는 음악을 사용해도 작품이 묻히지 않을 것 같습니다. 오히려 너무 루즈한 음악을 사용한다면 큰 시너지를 볼 것 같지는 않습니다.
60,0,나비,A10,fight,10.0,"[열A] colA,[열B] colB",[열B] colB,"[열B] colB,[열C] colC","[열C] colC,[열D] colD,[열B] colB,[열A] colA",엄청나게 큰 다리의 움직임. 흔들리고있는 전등 (휘청휘청),1.0,10,3.0,3 |  싸우고있는 엄중한 느낌 -- 낮은 음이어울려보임 / 미스테리~~,9.0,9
61,1,rub,A10,fight,9.0,[열B] colB,[열C] colC,[열C] colC,,I can see their muscles exerted,3.0,"3 |  I don't think they are in a heated fight, more like a standoff ？",2.0,2 |  Low pitches sounds more masculine,2.0,"2 |  the yellow light makes it more mysterious, I will actually assume it's a secret fight in a closed bar or something instead of a public fights that wants everyone to see"
62,2,Daisy,A10,fight,7.0,[열B] colB,"[열B] colB,[열C] colC","[열B] colB,[열C] colC","[열B] colB,[열C] colC,[열D] colD","There are two people fighting, and there is a lamp on the wall which is tilted.",9.0,9 |  The fighting scene looks intense.,7.0,7 |  I think the intensity comes with the high pitch.,8.0,8 |  The intensity comes with the density in the sound too.
63,3,Doky,A10,fight,8.0,,"[열B] colB,[열C] colC","[열B] colB,[열C] colC",,건장한 인물의 큰 움직임과 긴장감 넘치는 상황적 묘사,8.0,8 |  긴박함을 잘 표현하는 빠른 템포가 어울림. ,3.0,3 |  색채가 어둡고 상황적으로도 심오하고 어두운 느낌이기 때문에 비교적 낮은 핏치의 음이 어울림.,7.0,7 |  긴박하고 긴장감 넘치는 상황을 강조하기 위하여 밀도는 높은 것이 어울릴 것 같음. 
64,4,chanpig,A10,fight,8.0,"[열A] colA,[열B] colB,[열C] colC","[열B] colB,[열C] colC","[열C] colC,[열D] colD","[열A] colA,[열B] colB,[열D] colD",전등이 흔들릴정도로 싸우는 느낌,8.0,8 |  전등이 흔들리고 서로가 엉켜서 싸워서,3.0,3 |  색감도 착하고 싸움이 주는 긴장되는느낌,3.0,3 |  모든게 부서져있고 묵직한 느낌 
65,5,곤듀,A10,fight,10.0,[열B] colB,"[열C] colC,[열B] colB","[열B] colB,[열C] colC,[열D] colD,[열A] colA","[열C] colC,[열B] colB,[열D] colD,[열A] colA","인물들이 엉켜서 몸싸움하고 있는 모습, 주변 사물들의 흐트러짐 등 전체적으로 매우 역동적임이 느껴짐",1.0,10 |  그림에서 느껴지는 긴장감에 당연히 매우 빠른 템포가 어울린다고 생각함,0.0,"0 |  그림에서 느껴지는 역동적, 긴장감에 따라 낮은 음이 어울리다고 생각함",1.0,10 |  인물들에게서 느껴지는 긴장감 무거운 공기 흐름에 맞춰 음의 밀도 또한 높은 밀도로 표현하는 것이 어울리다고 생각함
66,6,이인애,A10,fight,9.0,[열B] colB,"[열B] colB,[열C] colC","[열A] colA,[열D] colD",[열A] colA,색감 흐트러진 구성,8.0,8,3.0,3,8.0,8
67,7,고고,A10,fight,8.0,[열B] colB,"[열B] colB,[열C] colC","[열C] colC,[열B] colB",[열B] colB,싸우는 모습,8.0,8,8.0,8,8.0,8
68,8,경,A10,fight,8.0,,[열B] colB,"[열D] colD,[열B] colB,[열C] colC",[열C] colC,힘을 쓰고 있는 자세를 통해 서로 대치하는 역동성을 느낄 수 있음.,9.0,9 |  서로 대치하는 장면에서의 긴장된 분위기와 역동성을 잘 드러냄.,5.0,"5 |  나른하지 않고, 밝지 않은 긴박한 분위기의 역동성을 적당히 잘 드러냄.",7.0,7 |  밝지 않은 분위기의 역동성을 적당히 잘 드러냄.
69,9,yoni,A10,fight,6.0,[열B] colB,,,"[열A] colA,[열B] colB,[열C] colC,[열D] colD", 손에 들린 무기 서로 힘주고 밀고있는듯한 자세,3.0,3,3.0,3,2.0,2
70,10,밍경댕,A10,fight,10.0,[열B] colB,"[열B] colB,[열C] colC","[열C] colC,[열B] colB","[열A] colA,[열B] colB,[열C] colC,[열D] colD","흔들리는 풍등 , 부러진 유리창, 손에 들고있는 날카로운 무기, 부서진 의자, 역동적인 자세",1.0,10 |  누군가는 죽는 이 상황을 표현하기에 빠른 음악이 잘 어울릴듯 ,1.0,1 |  무거운 덩치 큰 두 남자의 목숨을 건 혈투엔 낮은 음이 잘 어울릴듯,3.0,3 |  긴박함을 표현할 때 낮은 밀도로 빠르게 표현하는 게 더 극적인 표현처럼 상상이 됨.
71,11,배뀽,A10,fight,10.0,"[열C] colC,[열B] colB,[열A] colA","[열B] colB,[열C] colC,[열A] colA","[열A] colA,[열B] colB,[열C] colC,[열D] colD","[열D] colD,[열C] colC,[열B] colB,[열A] colA","사람이 싸우고 있고 표정이 화가 나잇음, 전등도 흔들림, 배경질감도 격함 ",1.0,10 |  싸움은 빠르게 진행되는게 좋음 ,2.0,"2 |  어두운, 심각한 분위기를 주고 싶음 ",5.0,5 |  템포가 빨라서 밀도는 낮게해서 흐름을 조절하는 것이 좋을 듯 함 
72,12,미지,A10,fight,10.0,[열B] colB,,"[열A] colA,[열D] colD","[열A] colA,[열D] colD",얼핏 봤을때 역동적으로 느껴지지 않았으나 손에 칼을 봤을때 싸우고 있는 장면으로 생각되어 매우 역동적으로 느껴짐,1.0,10 | 급박한 분위기에 맞는 빠른 음악,3.0,3 | 가볍지않은 낮은 음의 음악이 어울림,9.0,9 | 격투하며 주변의 물건들이 흐트러지는 소리를 밀도높은 음악으로 표현 가능
73,13,boldmas,A10,fight,10.0,"[열B] colB,[열C] colC,[열A] colA","[열B] colB,[열C] colC","[열B] colB,[열C] colC","[열B] colB,[열C] colC",That is where majority of the movements are taking place.,1.0,10 |  The scene seems to be very tense and a crime is about to take place and tension is building.,1.0,1 |  it matches the very dark and somber setting of the painting along with the tense action that results in a sad ending. Lower pitch seems to be fitting.,1.0,10 |  The scene is very tense and a struggle seems to be happening. The furniture is being thrown around. So much is happening all at the same time. 
74,14,jellybelly,A10,fight,,,,,,,,,,,,
75,0,나비,A9,ballet,8.0,,"[열C] colC,[열D] colD",[열C] colC,[열C] colC,팔다리의 큰 움직임,8.0,8,7.0,7,7.0,7
76,1,rub,A9,ballet,8.0,,"[열C] colC,[열B] colB,[열D] colD",[열C] colC,,she's obviously doing ballet,6.0,6 | elegant but smoothly moving and cute,6.0,6 | for me it should be a happy song for ballet,7.0,7 | for me it should be a happy song for ballet
77,2,Daisy,A9,ballet,7.0,,"[열C] colC,[열D] colD,[열A] colA","[열C] colC,[열D] colD",[열C] colC,"The woman is dancing, and there is also a group of women behind.",7.0,"7 | The woman is dancing ballet, so I suppose this is the tempo of a typical ballet dance.",7.0,7 | Same reason with the question about the tempo.,8.0,8 | I think there is some tension between the woman in the front and the group of women behind. That is why I think the density level is high.
78,3,Doky,A9,ballet,6.0,,"[열C] colC,[열D] colD",[열C] colC,[열C] colC,발레를 연상하는 인물의 춤사위. (팔과 높게 뻗은 다리의 움직임),6.0,6 | 발레곡처럼 너무 빠르지도 않으면서 클래식 음악 치고는 비교적 더 빠른 템포가 연상됨.,8.0,8 | 색채가 밝고 활기차므로 (행복한 분위기) 음은 쾌활하고 높은 경쾌한 음이 잘 어울릴 것 같음,7.0,7 | 춤을 연상하므로 밀도는 비교적 높아야 할 것으로 예상됨.
79,4,chanpig,A9,ballet,5.0,,[열D] colD,[열C] colC,,팔의 기울임,5.0,5 |  혼자서만 움직여서,5.0,5 |  혼자서만 크게 자세를 잡고있어서 ,3.0,3 |  천천히 발래를 할것같음 
80,5,곤듀,A9,ballet,7.0,,"[열A] colA,[열B] colB,[열D] colD,[열C] colC","[열C] colC,[열D] colD",[열C] colC,"인물들의 동작, 복장에 의해 발레공연을 연상캐함",3.0,3 | 그림은 발레공연 중 한장면이라고 바로 인식은 가능하다 발레음악에 대한 경험이 전무하다 유일하게 기억하는 백조의 호수 중 유명한 부분을 생각해서 선택함.,2.0,"2 | 발레공연 장면을 연상케하는 본그림에서 느껴지는 것은 우아함, 웅장함임. 따라서 낮음 피치가 어울리다고 생각함",2.0,2 | 본 그림에서는 우아함과 웅장함이 떠오르기 때문에 낮은 밀도의 음이 어울린다고 생각함
81,6,이인애,A9,ballet,5.0,,"[열A] colA,[열C] colC,[열B] colB,[열D] colD",,,거친선의표현,6.0,6,7.0,7,5.0,5
82,7,고고,A9,ballet,7.0,,[열D] colD,"[열C] colC,[열D] colD",[열C] colC,춤추는모습,7.0,7,7.0,7,7.0,7
83,8,경,A9,ballet,7.0,,[열D] colD,[열C] colC,[열C] colC,우아하게 발레를 하는 모습에서 움직임을 느낄 수 있음.,4.0,4 |  적당히 가볍고 우아한 움직임을 잘 나타냄.,4.0,4 |  적당히 가볍고 우아한 움직임을 잘 드러냄.,9.0,"9 |  우아한 움직임, 화려함을 잘 드러냄."
84,9,yoni,A9,ballet,7.0,,"[열A] colA,[열B] colB,[열C] colC,[열D] colD","[열C] colC,[열D] colD","[열C] colC,[열D] colD",인물,5.0,5,5.0,5,5.0,5
85,10,밍경댕,A9,ballet,7.0,,"[열D] colD,[열C] colC,[열A] colA","[열C] colC,[열D] colD",[열C] colC,발레리나의 자세 및 표정 ,4.0,4 |  긴박함 보다는 우아함에 가까운 느낌 ,8.0,8 |  밝은 느낌의 높은 음이 잘 어울릴 듯 ,2.0,2 |  가벼운 느낌이라 밀도 역시 낮았을 것으로 상상됨.
86,11,배뀽,A9,ballet,6.0,"[열A] colA,[열B] colB","[열B] colB,[열A] colA,[열C] colC,[열D] colD","[열A] colA,[열B] colB,[열C] colC",[열C] colC,"발레리나의 움직임, 뒤에서 움직이는 발레리나 ",6.0,6 |  발레리나가 그렇게 빠른 탬포의 춤을 추고 있지 않은 것 같음 ,8.0,8 |  상쾌하고 밝은 느낌 ,3.0,3 |  촘촘한 느낌은 아닌 여유로운 춤사위 
87,12,미지,A9,ballet,2.0,"[열D] colD,[열C] colC","[열D] colD,[열C] colC","[열D] colD,[열C] colC","[열D] colD,[열C] colC",그림 표현이 깔끔하고 동작이 정제되어 보여 역동적 느낌이 덜함,8.0,8 | 가볍게 뛰는 발레 동작을 떠올렸을때 어울리는 템포임,7.0,7 | 가벼운 발레 동작과 어울림,7.0,7 | 발레의 여러 동작들과 어울림
88,13,boldmas,A9,ballet,8.0,,"[열A] colA,[열B] colB,[열C] colC,[열D] colD","[열C] colC,[열D] colD",[열C] colC,The subjects of the painting that are in movement are in those areas.,6.0,6 | The figure seems to be dancing gracefully.,5.0,"5 | There seems to be a balance between the colors, the brush strokes, and the movement of the characters.",5.0,5 | it is a well-balanced scene
89,14,jellybelly,A9,ballet,,,,,,,,,,,,
90,0,나비,A14,sit,2.0,,[열C] colC,[열C] colC,"[열A] colA,[열B] colB,[열C] colC,[열D] colD",사람이 일단 평온하게 앉아있기때문에 낮은 역동적 느낌. 그러나 풀이 살짝 흔들려서 살짝의 역동성느낌은 있음,2.0,2,4.0,4,1.0,1
91,1,rub,A14,sit,3.0,,,"[열A] colA,[열B] colB,[열C] colC,[열D] colD","[열A] colA,[열B] colB,[열C] colC,[열D] colD",I think it's mainly because of the grassland and windy feeling,3.0,3 |  peaceful,5.0,5 |  comfortable pitch,5.0,5 |  comfortable
92,2,Daisy,A14,sit,6.0,"[열A] colA,[열B] colB,[열C] colC,[열D] colD","[열A] colA,[열B] colB,[열C] colC,[열D] colD","[열A] colA,[열B] colB,[열C] colC,[열D] colD","[열A] colA,[열B] colB,[열C] colC,[열D] colD","The woman at the center, and the grass that can move when the wind blows.",6.0,6 |  The tempo entirely follows the rhythm of the grass waves.,5.0,5 |  It looks like a peaceful noon.,5.0,5 |  I think the density varies with the wind speed.
93,3,Doky,A14,sit,1.0,,[열C] colC,[열C] colC,,역동적인 요소가 딱히 보이지 않음,5.0,5 |  나름 잔잔하지만 밝은 색채가 주는 느낌으로 인하여 중간정도의 템포의 음악,8.0,8 |  음악의 핏치는 밝은 색채와 움직임은 없지만 경쾌한 느낌으로 인하여 높았으면 좋겠음.,5.0,5 |  잔잔하고 평화로운 휴식의 분위기이기 때문에 밀도는 딱 중간정도가 좋을 것 같음.
94,4,chanpig,A14,sit,2.0,,,"[열D] colD,[열A] colA","[열A] colA,[열B] colB,[열D] colD,[열C] colC",풀들이 날림,1.0,1 |  사람은 가만히 앉아있고 풀들만 움직여서 ,3.0,3 |  색감이 주는 느낌? 움직임이 없음,1.0,1 |  풀들움직임만 느껴져서 
95,5,곤듀,A14,sit,6.0,"[열A] colA,[열B] colB,[열C] colC,[열D] colD","[열D] colD,[열A] colA,[열B] colB","[열D] colD,[열A] colA","[열D] colD,[열C] colC,[열B] colB,[열A] colA",인물보다는 주변 배경에 의해 역동적 느낌을 받음.,3.0,"3 |  본 그림에서 주변의 식물들이 살랑사랑 거리는 느낌을 받았으며, 약간의 느림에서 보통 사이의 템포가 어울릴 것으로 생각됨.",4.0,4 |  본 그림에서 잔잔함이 느껴짐에 따라 너무 높지도 낮지도 않은 피치의 음이 어울릴 것으로 생각됨.,3.0,3 |  본 그림에서 잔잔함이 느껴짐에 따라 높은 밀도보다는 살짝 느슨한 느낌의 음악이 어울릴 것으로 생각됨
96,6,이인애,A14,sit,2.0,,[열C] colC,"[열C] colC,[열B] colB",,앉은자세,3.0,3,5.0,5,7.0,7
97,7,고고,A14,sit,1.0,,[열C] colC,"[열B] colB,[열C] colC",,앉아있는모습,1.0,1,1.0,1,1.0,1
98,8,경,A14,sit,1.0,,[열C] colC,"[열B] colB,[열C] colC",,앉아 있는 모습에서 정적인 느낌을 받을 수 있음.,1.0,1 |  앉아 있는 정적인 느낌을 잘 나타냄.,2.0,2 |  대체로 낮은 음이 정적인 느낌에 잘 어울림.,2.0,2 |  대체로 낮은 밀도가 정적인 느낌과 잘 어울림.
99,9,yoni,A14,sit,7.0,,,,"[열A] colA,[열B] colB,[열C] colC,[열D] colD",풀들이 바람에 흔들리는 듯한 느낌,8.0,8,7.0,7,8.0,8
100,10,밍경댕,A14,sit,2.0,,"[열B] colB,[열C] colC","[열B] colB,[열C] colC,[열A] colA,[열D] colD","[열B] colB,[열C] colC,[열A] colA,[열D] colD",풀이 바람에 흔들리는 것을 보아 역동적으로 느껴질 법도 하지만 여인의 얼굴색 및 표정이 너무 어두워 전혀 역동적으로 느껴지지 않음.,1.0,1 |  느린 템포로 여인의 어두운 표정을 표현하고 싶음.,4.0,4 |  여인은 어둡지만 꽃의 밝음이나 바람이 부는 걸로 보아 높낮이는 조금만 낮은 걸 선택하고싶음.,4.0,4 |  봄을 표현하기 위해 가벼운 밀도를 선택하고 싶으나 여인의 얼굴 및 표정으로 인해 조금의 밀도는 부여해야 할듯
101,11,배뀽,A14,sit,,,,,,,,,,,,
102,12,미지,A14,sit,7.0,,"[열D] colD,[열C] colC","[열A] colA,[열B] colB,[열C] colC,[열D] colD","[열A] colA,[열B] colB,[열C] colC,[열D] colD",수풀이 날리는 모습과 세밀하게 표현한 뒷배경이 역동적인 느낌을 줌,5.0,5 | 흩날리는 수풀과 달리 가만히 앉아있는 여성의 모습이 역동성을 중화시키는 느낌이라 보통템포의 음악이 떠오름,5.0,5 | 위와 같음,8.0,8 | 빼곡한 수풀이 바람에 흔들리는 소리들이 높은 밀도로 표현되면 좋을 것 같음
103,13,boldmas,A14,sit,7.0,,[열C] colC,"[열B] colB,[열C] colC,[열A] colA,[열D] colD","[열C] colC,[열B] colB,[열A] colA,[열D] colD",the main subject of the painting and the long grass,6.0,"6 | even though the character is resting, the tall grass seems to be in movement. and the different shades of grass, gives the artwork extra life",6.0,6 | the bright grass in the background and the tall moving grass in the front and the resting lady have a great balance.,3.0,"3 | except for the grass, nothing else is in movement."
104,14,jellybelly,A14,sit,,,,,,,,,,,,
105,0,나비,A15,sit,2.0,,[열A] colA,"[열A] colA,[열B] colB","[열A] colA,[열B] colB","너무 정자세로 앉아있고, 몇분 이상 저 자세로 있어도 이상하지않아보여서 - 정적인느낌. 또한 풀이 흔들리지않는것같음.",2.0,2,3.0,3 |  약간의 새소리 날 것 같아서 높은 음 살짝?,2.0,2
106,1,rub,A15,sit,3.0,"[열B] colB,[열A] colA,[열C] colC","[열B] colB,[열C] colC",,,mainly feel like winds passing the trees,6.0,6 |  the sounds of nature,7.0,7 |  it's in day time,3.0,3 |  the painting looks really peaceful so doesn't have to be fancy
107,2,Daisy,A15,sit,3.0,"[열A] colA,[열B] colB,[열C] colC,[열D] colD","[열B] colB,[열A] colA,[열C] colC","[열A] colA,[열B] colB","[열B] colB,[열C] colC,[열A] colA,[열D] colD","The woman is sitting, and the trees and grasses can gently move when the wind blows.",3.0,3 |  It looks like a quiet noon in a garden where the woman can sit and read.,5.0,"5 |  The daylight helps with increase the pitch, but the pitch should not be too high that might disturb the woman.",5.0,5 |  Same reason with the question about the pitch.
108,3,Doky,A15,sit,2.0,,,"[열A] colA,[열B] colB",,딱히 역동적인 느낌이 나지 않음. 평화롭고 잔잔함.,3.0,3 |  밝은 곳에서의 휴식이므로 잔잔한 빠르기가 적당한 것으로 보여짐.,6.0,6 |  분위기가 낮이고 역동적임은 적지만 밝고 평화롭기 때문에 높은 핏치가 더 어울릴 것으로 생각됨. ,7.0,7 |  경쾌하면서도 평화로운 무드의 밀도가 촘촘한 곡이 어울릴 것 같음.
109,4,chanpig,A15,sit,2.0,"[열B] colB,[열C] colC","[열C] colC,[열B] colB",,,나뭇잎이 흔들리는 느낌? ,2.0,2 |  책을 읽으면서 움직임이 없어보임 ,6.0,6 |  낮에 해가 들어오고 느긋하고 새가 울것같은 느낌 ? 칙칙한 느낌이 아님 ,6.0,6 |  새가 지저귈것만같은 느낌
110,5,곤듀,A15,sit,6.0,"[열A] colA,[열B] colB,[열C] colC,[열D] colD","[열B] colB,[열C] colC,[열D] colD",,"[열B] colB,[열A] colA,[열C] colC","나뭇잎들의 사실적인 표현과, 사물들에 비춰지는 햇빛이 그림의 역동성을 느끼게해 줌",5.0,5 |  자연속에서 휴식을 취하는 듯한 장면이 연상됨에 따라 평이한 템포가 어울릴 것으로 생각됨,5.0,"5 |  자연, 휴식이 연상되는 그림으로 평이한 수준의 음의 높낮이가 어울릴 것이라 생각함.",5.0,"5 |  자연, 휴식이 연상되는 그림으로 보통밀도의 음악이 어울릴 것으로 생각함."
111,6,이인애,A15,sit,2.0,[열C] colC,[열B] colB,"[열A] colA,[열B] colB",[열A] colA,앉은구조 의자 햇살,3.0,3,7.0,7,2.0,2
112,7,고고,A15,sit,1.0,,[열A] colA,"[열A] colA,[열B] colB",,앉아있는 모습,1.0,1,1.0,1,1.0,1
113,8,경,A15,sit,1.0,,[열A] colA,"[열A] colA,[열B] colB",,가만히 앉아서 독서를 하는 모습을 통해 정적인 느낌을 얻을 수 있음.,1.0,1 |  느린 곡이 정적인 그림과 잘 어울림.,2.0,2 |  낮은 피치를 통해 여유롭고 정적인 모습을 느낄 수 있음.,2.0,2 |  낮은 밀도를 통해 대체로 정적인 분위기를 잘 느낄 수 있음.
114,9,yoni,A15,sit,4.0,,"[열A] colA,[열B] colB","[열A] colA,[열B] colB","[열A] colA,[열B] colB,[열C] colC,[열D] colD",햇빛 인물의 행동 쉴수있는 의자,6.0,6,8.0,8,2.0,2
115,10,밍경댕,A15,sit,3.0,,"[열A] colA,[열B] colB,[열D] colD","[열B] colB,[열A] colA",[열B] colB,여인은 가만히 있어 정적인 느낌을 주지만 풍경의 원근법이 조금의 동적인 느낌을 줌.,2.0,2 |  평화로운 느낌과 따뜻한 색감으로 느린 음악이 잘 어울림.,7.0,7 |  평화와 따뜻한 날씨에는 조금 높은 음이 잘 어울릴듯 ,2.0,2 |  가벼운 느낌의 음악이라 단일 악기로 표현할 수 있을듯
116,11,배뀽,A15,sit,,,,,,,,,,,,
117,12,미지,A15,sit,6.0,"[열C] colC,[열A] colA","[열C] colC,[열D] colD,[열B] colB,[열A] colA",,"[열B] colB,[열C] colC",해가 드는 숲이 잘 표현되어 어느정도의 생기와 역동성이 느껴짐,7.0,7 | 수풀 위로 해가 일렁이는 모습이 가볍고 생기있게 느껴져서,7.0,7 | 위와 같음,7.0,7 | 위와 같음
118,13,boldmas,A15,sit,6.0,,"[열A] colA,[열B] colB","[열A] colA,[열B] colB","[열A] colA,[열B] colB",the subject of the painting is in that section of the artwork,3.0,3 | the scene looks very relaxing and the woman is having a siesta.,7.0,7 | The sunlight shining through the branches and the leaves brings the image to life and gives it a special dimension.,7.0,"7 | Even though the subject is static, the sunlightth, the different color leaves and the multitude of trees makes it a complex image."
119,14,jellybelly,A15,sit,,,,,,,,,,,,
120,0,나비,A17,lying,1.0,,,"[열C] colC,[열D] colD,[열B] colB","[열C] colC,[열D] colD,[열B] colB",너무 평온해보이는 자세,1.0,1,1.0,1,1.0,1
121,1,rub,A17,lying,4.0,,,"[열B] colB,[열C] colC",,the horse is eating grass,3.0,3 |  they are resting and the color is not really energetic,4.0,4 |  relaxing and not dangerous,3.0,3 |  relaxing and not dangerous + it's night time
122,2,Daisy,A17,lying,5.0,,,"[열C] colC,[열D] colD","[열C] colC,[열D] colD,[열B] colB",There are humans and animals in the checked boxes.,1.0,"1 |  The two people are sleeping, so I think slow music would fit best.",3.0,"3 |  They are sleeping, so the pitch should not be too high to wake them up.",3.0,3 |  And sparse music would be better for sleeping.
123,3,Doky,A17,lying,0.0,,,"[열C] colC,[열D] colD",,역동적인 느낌이 없음.,1.0,1 |  인물의 역동적 움직임이 없기 때문에 느린 템포가 연상됨.,4.0,4 |  '쉼'이지만 너무 낮지는 않은 음이 어울림. 그림의 색채가 비교적 밝고 강렬함. ,2.0,2 |  음악의 밀도는 낮고 좀 차분하고 잔잔한 음악이 어울림. 
124,4,chanpig,A17,lying,2.0,,,"[열C] colC,[열B] colB","[열B] colB,[열C] colC",사람들이 일을하다가 누어있ㄴ음,2.0,2 |  일을하다가 쉬는중에 잠을 자는데 푹 잠든 느낌 ,2.0,2 |  일을하다가 쉬는중에 잠을 자는데 푹 잠든 느낌 ,2.0,2 |  일을하다가 쉬는중에 잠을 자는데 푹 잠든 느낌 배경 색감이 어두운걸로 보아 밤이 되어가는 그느낌이밀도가 낮을듯하다
125,5,곤듀,A17,lying,1.0,[열D] colD,[열D] colD,"[열C] colC,[열D] colD,[열B] colB,[열A] colA","[열D] colD,[열C] colC,[열B] colB","인물들의 쉬고 있는 동작, 주변의 작업 도구, 쌓여있는 짚단?이 보임에 따라 어떠한 일이 끝난 후를 보여주는 정적인 느낌을 받음",3.0,3 |  정적인 느낌을 주는 그림에는 다소 느린 템포의 음악이 어울릴 것으로 생각함,3.0,"3 |  본 그림에서는 정적이면서도, 평안한 느낌을 받음. 매우 낮은 음은 해당하지 않으며, 약간 낮은 음에서 보통음까지 어울릴 것이라고 생각함",3.0,3 |  너무 늘어지는 매우 낮은 밀도는 제외하고 적당히 낮은 밀도에서 보통까지 어울릴 것이라고 생각함.
126,6,이인애,A17,lying,2.0,,,"[열A] colA,[열B] colB","[열C] colC,[열D] colD",배경선과인물구도가같은가로평행구조,1.0,1,2.0,2,3.0,3
127,7,고고,A17,lying,0.0,,,"[열D] colD,[열C] colC","[열D] colD,[열C] colC",잠든 모습,0.0,0,0.0,0,0.0,0
128,8,경,A17,lying,1.0,,,"[열B] colB,[열C] colC,[열D] colD","[열C] colC,[열D] colD","사람들이 자고 있는 모습에서 정적인 느낌을, 그러나 동물 그림으로부터 아주아주 약간의 동적인 느낌을 얻을 수 있음.",1.0,1 |  잠을 자고 있는 정적인 모습을 잘 드러냄.,3.0,"3 |  잠을 자는 정적인 모습, 움직일지도 모르는 동물 장면에 잘 어울림.",2.0,2 |  낮은 밀도가 대체로 정적인 이 그림과 잘 어울림.
129,9,yoni,A17,lying,2.0,"[열A] colA,[열B] colB,[열C] colC,[열D] colD",,"[열D] colD,[열C] colC,[열B] colB",,인물의 자세 그림의 시간대 얌전한 동물,3.0,3,7.0,7,3.0,3
130,10,밍경댕,A17,lying,2.0,,,"[열C] colC,[열D] colD,[열B] colB","[열D] colD,[열C] colC",낮잠을 자는 자세가 평화로워 보임,2.0,2 |  농기구와 멀리 떨어진 곳에 폭신한 침대까지 만들어 누운 걸 보니 힘듦보다는 편안한 휴식이 느껴짐.,7.0,7 |  맑은 하늘과 평화를 높은 음으로 표현할 것 같음,2.0,2 |  가벼운 밀도로 일상의 평화를 표현할 것 같음.
131,11,배뀽,A17,lying,,,,,,,,,,,,
132,12,미지,A17,lying,5.0,,"[열A] colA,[열B] colB,[열C] colC","[열A] colA,[열B] colB,[열C] colC",,확연한 색 대비가 역동적인 느낌을 줌,2.0,2 | 휴식의 이미지를 표현,5.0,5 | 잘 모르겠음,2.0,2 | 휴식에 맞는 단조로운 느낌의 낮은 밀도로 표현하고싶음
133,13,boldmas,A17,lying,4.0,,,"[열D] colD,[열C] colC,[열B] colB","[열C] colC,[열D] colD,[열B] colB",The subjects of the painting are placed in there,3.0,3 | the image conveys a feeling of restfulness,6.0,6 | the bright colors; it feels some time around noon. And the lively brush strokes.,3.0,3 | everyone including the animal are resting and not much is happening.
134,14,jellybelly,A17,lying,,,,,,,,,,,,
135,0,나비,A16,lying,0.0,"[열B] colB,[열C] colC","[열C] colC,[열B] colB","[열B] colB,[열A] colA,[열C] colC",,"사람의 움직임 너무 느껴지지 않고, 이대로 2시간 넘게 있어도 이상하지않을 느낌. 하늘의 움직임 요소 하나 없음 (구름 X)",1.0,1,6.0,6,1.0,1
136,1,rub,A16,lying,2.0,"[열A] colA,[열B] colB,[열C] colC,[열D] colD",[열A] colA,,,I don't think the guy is moving but the sky (clouds),1.0,1 |  it should be really silent and almost not moving,7.0,7 |  the whole image is really bright so i don't think it should go with low pitch but also not too high to make it silent enough,2.0,2 |  silenttt
137,2,Daisy,A16,lying,4.0,,[열B] colB,"[열A] colA,[열B] colB,[열C] colC",,"I tend to associate humans with movements. Also, there are clouds from afar are moving.",2.0,2 |  The overall vibe is very idle.,5.0,"5 |  Not to low nor too high, just the average.",2.0,2 |  There are not many activities going on there.
138,3,Doky,A16,lying,1.0,,,[열C] colC,,"역동적인 느낌이 딱히 없고, 환경적인 부분에 있어서도 휴식이 연상케되어 역동적 느낌이 없음 ",0.0,0 |  인물의 움직임이 아예 누워서 휴식을 취하고 있기 때문에 매우 느린 템포의 곡이 어울릴 것 같음,6.0,"6 |  역동성은 적지만 해당 그림의 색채가 밝아서 비교적 너무 낮지는 않은, 높은 핏치가 이상적일 것으로 생각됨. ",3.0,3 |  그림의 역동적 정도를 나타내는 주변 environment와 인물의 움직임이 없기 때문에 음악의 밀도는 적은 것이 어울릴 것 같음. 
139,4,chanpig,A16,lying,1.0,,,[열C] colC,,움직여서 팔을 머리에 얹음,0.0,0 |  사람이 자고있고 풀들도 움직임이 없다,1.0,1 |  자고있을땐 높은음보단 낮은음일듯한 느낌 ,1.0,1 |  미동없이 누어계셔서
140,5,곤듀,A16,lying,0.0,[열A] colA,,,,"배경, 인물 어디에서도 역동적 느낌이 들지 않음",1.0,1 |  그림에서 어떠한 역동성도 느껴지지 않기에 템포는 느림이 알맞다고 생각함,2.0,2 |  그림에서 하늘의 색감이 너무 우울하게 느껴지지는 않으므로 샘플 상의 매우 낮은 음을 확실히 아님 매우 낮음 음 - 보통 사이에서 낮음에 조금 더 치우친 피치,0.0,0 |  샘플상의 매우 낮은 밀도가 그림에서 느껴지는 정적? 여유로움?과 어울린다고 생각함
141,6,이인애,A16,lying,0.0,,,"[열C] colC,[열B] colB",,수평구조,1.0,1,3.0,3,2.0,2
142,7,고고,A16,lying,1.0,,,[열C] colC,,누워있는모습,1.0,1,1.0,1,1.0,1
143,8,경,A16,lying,0.0,,,"[열C] colC,[열B] colB,[열A] colA",,잠을 자는 모습으로 움직임이 전혀 없는 모습을 나타냄.,1.0,1 |  잠을 자는 정적인 느낌을 잘 드러냄.,0.0,0 |  잠을 자는 정적인 느낌을 잘 드러냄.,0.0,0 |  낮은 밀도의 단순함이 정적인 분위기를 잘 나타냄.
144,9,yoni,A16,lying,4.0,,,"[열A] colA,[열B] colB,[열C] colC",,인물이 이마를 가린자세에서 어떤기분일지 등 상상하게됨,3.0,3,7.0,7,5.0,5
145,10,밍경댕,A16,lying,1.0,[열B] colB,,"[열A] colA,[열B] colB,[열C] colC",,포즈와 바람 하나 불지 않아 정지 되어 있는 들판과 하늘,1.0,1 |  잠자는 남자의 모습을 표현할 수 있었으면 좋겠음.,7.0,7 |  하늘을 보니 맑은 속성이 떠올라 음이 조금은 높았으면 좋겠음.,1.0,1 |  가벼운 느낌으로 낮은 밀도였으면 좋겠음.
146,11,배뀽,A16,lying,0.0,[열A] colA,,,,없음 ,2.0,2 |  직전 그림보다(13)는 산들산들한 느낌 ,4.0,4 |  어두운 분위기는 아니고 그렇다고 너무 밝은 분위기는 아닌 것 같음  근데 남자가 실연 당해서 울고 있는 것 같기도 한데  해가 밝아서 우나 싶어서 4 ,3.0,3 |  촘촘한 느낌은 아님 
147,12,미지,A16,lying,1.0,,"[열A] colA,[열B] colB,[열C] colC","[열B] colB,[열C] colC,[열A] colA","[열C] colC,[열B] colB,[열A] colA",누워있는 사람은 역동적이지 않은 느낌을 주고 마구 자란 풀은 역동적인 느낌을 줌,5.0,5 | 역동적인 느낌과 정적인 느낌이 동시에 있으므로,5.0,5 | 역동적인 느낌과 정적인 느낌이 동시에 있으므로,5.0,5 | 역동적인 느낌과 정적인 느낌이 동시에 있으므로
148,13,boldmas,A16,lying,1.0,,,"[열B] colB,[열C] colC",,the subject of the artwork is place in that region,1.0,1 | to match the relaxing environment and the resting character.,4.0,4 | It's not too dark but there isn't any movement taking place.,2.0,2 | There isn't much happening in the artwork. So the music should be similarly simple and not too dense.
149,14,jellybelly,A16,lying,2.0,,"[열B] colB,[열C] colC","[열B] colB,[열C] colC",,"바람의 흔들림도 많지 않고, 그림속 인물 또한 누워있는 자세로, 역동적이기 보다는 정적인 느낌이 강한 그림으로 느껴집니다. 그림 또한 사실적으로 표현되었으며 붓질이 거칠거나 어떤 역동성을 주고자한 표현기법이 느껴지지 않아 더욱 위와 같은 느낌이 들었습니다.",6.0,"6 | 쉬고 있는 사람의 모습을 묘사하여 너무 빠른 템포의 음악은 어울리지 않지만, 쨍한 색감을 사용하였기에 약간 통통튀는 느낌의 음악도 잘 어울릴 것 같다는 판단으로, 보통에서 조금 더 빠른 정도의 템포가 적절하다고 봅니다.",6.0,6 | 위 질문에 언급한 이유와 유사합니다.,7.0,"7 | 샘플 오디오를 기준으로 얘기한다면 밀도가 높을 수록 더 sophisticated 한 느낌이 있는데, 이 그림 또한 그러한 느낌이 있어 밀도가 높은 편의 음악이 잘 어울릴 것으로 판단합니다."
150,0,나비,A2,running,8.0,,"[열C] colC,[열D] colD,[열B] colB","[열B] colB,[열C] colC,[열D] colD",[열D] colD,움직임이 활기차보임. 발길질.,8.0,8,7.0,7,9.0,9
151,1,rub,A2,running,8.0,,"[열B] colB,[열C] colC",[열D] colD,,I think i can hear the laughter of the kids,7.0,7 |  they are stepping on the waves,7.0,7 |  kids don't get alone well with low pitch when they are playing in my opinion,6.0,"6 |  normal, they are not being too naughty playing"
152,2,Daisy,A2,running,6.0,,"[열B] colB,[열C] colC,[열D] colD","[열B] colB,[열C] colC,[열D] colD","[열D] colD,[열C] colC","There are three kids playing on the beach, and there are waves too.",7.0,"7 |  Since they are kids, they are supposed to be very active with high tempo.",9.0,9 |  Kids are loud and very high-pitched.,7.0,7 |  Kids are playful with a lot of movements.
153,3,Doky,A2,running,7.0,,"[열B] colB,[열C] colC","[열B] colB,[열C] colC,[열D] colD",,아이들의 움직임이라는 것과 바닷물 가운데에서 뛰는 움직임 (물의 튀김)이 역동적 느낌을 강조하는 것처럼 보여짐. ,6.0,6 |  휘몰아치는 파도와 아이들이 물을 튀기면서 노는 장면에서 오는 느낌이 빠른 템포가 어울릴 것 같음. ,7.0,7 |  비교적 어둡지 않은 배경에 활기찬 파도의 움직임과 아이들의 웃음 소리가 연상지어지기 때문에 높낮이는 높은 것이 어울릴 것 같음. ,7.0,7 |  오디오가 풍족한 것이 더 어울릴 것 같으므로 음악의 밀도는 너무 높지는 않지만 그래도 비교적 높은 것이 어울릴 것 같음. 
154,4,chanpig,A2,running,8.0,[열D] colD,"[열B] colB,[열C] colC,[열D] colD","[열B] colB,[열C] colC,[열D] colD","[열B] colB,[열C] colC,[열D] colD",아이들이 앞으로 뛰어가는 자세랑 물이튀는 모습과 뒤에 파도가 치는 모습,7.0,7 | 아이들이 뛰어놀때 즐거워보여서 빠를꺼같음,6.0,6 | 색감이 주는 느낌이 너무 높지않을듯한 느낌,8.0,"8 | 파도도 치고 그 안에서 노는 애들 , 배경 색감이 주는 느낌"
155,5,곤듀,A2,running,9.0,,"[열C] colC,[열D] colD","[열B] colB,[열C] colC,[열D] colD",,"인물들의 상체 움직임, 바닷물의 저항을 이겨나고 나아가려는 하체, 밀려오는 파도",9.0,9 |  그림에서 전체적으로 역동적인 느낌이 들어 매우 빠름 템포가 어울리다고 생각함 ,9.0,9 |  그림에서 느껴지는 역동적인 느낌과 함께 인물들이 아이들임을 인지함에 따라 높은 스타일의 피치가 어울리다고 생각함.,8.0,"8 |  그림 상의 인물들이 아이들이며, 바닷물의 저항을 뚫고 겨우겨우 앞으로 나아가는 장면이 연상되기 때문에 매우 분주하거나 힘차다는 느낌은 들지 않음.  따라서 어느정도의 밀도는 있으나 샘플상의 매우 높은 밀도까지는 아니다고 생각함"
156,6,이인애,A2,running,7.0,,,"[열B] colB,[열D] colD,[열C] colC",,선의표현,6.0,6,7.0,7,7.0,7
157,7,고고,A2,running,7.0,,"[열B] colB,[열C] colC","[열B] colB,[열C] colC,[열D] colD","[열B] colB,[열C] colC,[열D] colD",달리는모습,7.0,7,7.0,7,7.0,7
158,8,경,A2,running,9.0,,"[열D] colD,[열C] colC,[열B] colB","[열D] colD,[열C] colC,[열B] colB",,"물 속에서 달리고 있는 아이들의 모습, 파도를 통해 역동성이 잘 드러남.",9.0,9 |  달리고 있는 역동성을 드러내기에 적합함.,8.0,8 |  아이들의 밝은 움직임을 드러내기에 적합함.,8.0,8 |  달리는 아이들과 파도의 복합적인 역동성을 잘 드러냄.
159,9,yoni,A2,running,7.0,,"[열B] colB,[열C] colC,[열D] colD","[열B] colB,[열C] colC,[열D] colD","[열C] colC,[열B] colB,[열D] colD",그림속 인물의 연령대,8.0,8,8.0,8,2.0,2
160,10,밍경댕,A2,running,8.0,,"[열B] colB,[열C] colC,[열D] colD","[열D] colD,[열C] colC,[열B] colB",,아이들의 뛰노는 모습과 뒤의 파도가 역동적으로 느끼게 함.,3.0,3 |  평화로운 상황과 같아서 느린 음악이 잘 어울림.,7.0,7 |  아이들의 순수함은 높은 음이 잘 어울림.,7.0,7 |  아이들은 가벼우나 자연의 바다의 색상은 무거운 느낌을 줘 조금은 밀도 있는 음악이 상상감.
161,11,배뀽,A2,running,,,,,,,,,,,,
162,12,미지,A2,running,8.0,,"[열B] colB,[열C] colC","[열B] colB,[열C] colC,[열D] colD","[열B] colB,[열C] colC,[열D] colD",물이 튀는 모습,8.0,8 | 아이들이 뛰어노는 배경음악으로 빠른템포의 음악이 떠오름,8.0,8 | 즐거운 느낌을 표현할 수 있는 높은 음,8.0,"8 | 파도소리, 물이 첨벙거리는 소리, 웃음소리 등 여러가지 소리를 밀도로 표현 가능"
163,13,boldmas,A2,running,9.0,,"[열B] colB,[열C] colC,[열D] colD","[열B] colB,[열C] colC,[열D] colD","[열B] colB,[열C] colC,[열D] colD",that is where the most movement is taking place,7.0,7 | The children seem to be running quickly and the water is splashing around with one wave in the background.,9.0,9 | It is a happy and lively scene in the daytime.,8.0,"8 | The happy children, the lively waves, and the reflection all have created a complex and dynamic imagery that requires a complex music."
164,14,jellybelly,A2,running,,,,,,,,,,,,
165,0,나비,A3,running,8.0,,"[열C] colC,[열D] colD","[열B] colB,[열C] colC","[열B] colB,[열C] colC",힘찬 발걸음 + 손의 자연스러운 움직임의 범위,9.0,9,7.0,7,9.0,9
166,1,rub,A3,running,8.0,,,"[열B] colB,[열C] colC",,"they seems are running in speed, or pursuing something",4.0,4 |  even though they are running but it's not stressful at all,7.0,7 |  it reminds me of harps or bells,7.0,7 |  it's really light but not mad
167,2,Daisy,A3,running,8.0,,"[열B] colB,[열C] colC","[열A] colA,[열B] colB,[열C] colC,[열D] colD","[열B] colB,[열C] colC",There are two children at the center of the painting.,6.0,"6 |  While the children look very active, they are painted as being surrounded by some orange aura that sets the boundary for their activeness.",6.0,6 |  The sunlight and the sea make me feel like the pitch is at this level.,7.0,"7 |  The children’s activities, and the motion of the waves that makes the reflection of the sunlight on the water look like the water is moving fast, almost like dancing."
168,3,Doky,A3,running,7.0,,,"[열B] colB,[열C] colC",,주체가 아이들이라는 점과 뛰어노는 움직임 그 자체.,8.0,8 |  경쾌하고 발랄한 아이들의 역동적 이미지를 잘 표현하기 위해 빠른 템포가 어울림.,8.0,8 |  분위기와 색채가 밝고 발랄하기 때문에 높은 핏치의 음악이 더 어울림. ,7.0,"7 |  경쾌하고 발랄함을 위하여 밀도 있는 화음이 있는 것이 좋을 것 같음,"
169,4,chanpig,A3,running,7.0,,"[열C] colC,[열D] colD","[열B] colB,[열C] colC","[열B] colB,[열C] colC",몸의 움직임? 물의 튐? ,6.0,6 |  몸의 움직임? 물의 튐? 앞쪽으로 몸이 기울어져짐,6.0,6 |  몸의 움직임? 물의 튐? 애들이 기분좋게 뛰어다녀서 높은 느낌 ,4.0,4 |  몸의 움직임? 물의 튐? 밀도는 아이들이랑 가벼운 느낌이 듬
170,5,곤듀,A3,running,8.0,,"[열C] colC,[열B] colB,[열D] colD","[열B] colB,[열C] colC,[열A] colA","[열C] colC,[열B] colB",물속을 달려가는 인물들의 사실적인 인체표현에서 역동적인 느낌을 받음,5.0,"5 |  인물들의 행위에서는 매우 역동적임을 느끼나, 그림 주변으로 감싸고있는 색감이 주는 감성적인 느낌에 빠른 템포는 어울리지 않을 것으로 생각함.",7.0,7 |  그림속의 인물들이 어린 형제를 연상케함에 따라 약간의 높은 피치가 어울릴 것으로 생각됨,3.0,3 |  역동적임이 느껴지는 그림이나 분주하고 급박한 느낌은 들지 않으므로 높은 밀도의 음은 어울리지 않을 것으로 생각함 
171,6,이인애,A3,running,6.0,,[열D] colD,"[열C] colC,[열B] colB,[열A] colA",,"밝은빛, 움직임",6.0,6,6.0,6,4.0,4
172,7,고고,A3,running,8.0,,[열C] colC,"[열B] colB,[열C] colC,[열A] colA","[열C] colC,[열B] colB",손을잡고 뛰는 모습,8.0,8,8.0,8,8.0,8
173,8,경,A3,running,10.0,,[열D] colD,"[열C] colC,[열B] colB","[열B] colB,[열C] colC",아이들이 달리는 모습과 물이 튀는 모습까지 역동성을 잘 느낄 수 있게 함.,9.0,9 |  아이들이 달리는 역동적인 장면이 빠른 속도의 음악과 잘 어울림.,6.0,6 |  밝은 아이들의 가벼운 움직임을 잘 드러냄.,6.0,6 |  가벼운 아이들의 움직임을 잘 드러냄.
174,9,yoni,A3,running,8.0,,"[열B] colB,[열C] colC","[열B] colB,[열C] colC",[열B] colB,인물의 연령대가 주는 역동적임 스포트라이트되는듯한 그림의 느낌,5.0,5,5.0,5,7.0,7
175,10,밍경댕,A3,running,9.0,,"[열C] colC,[열B] colB","[열B] colB,[열C] colC","[열B] colB,[열C] colC",아이들의 뛰 놈과 물의 튀김이 역동적으로 느껴지고 뭔가 이유는 모르겠지만 아이들 엉덩이가 보이면 더 역동적으로 느껴지는듯 합니다.,4.0,4 |  아이들의 순수함을 표현하기 위해 조금은 느림 템포의 음악이 상상됨.,8.0,8 |  아이들의 웃음소리와 같은 높은 음의 음악이 상상감.,3.0,3 |  아이들의 가벼운 속성과 물 역시 깊은 바다보다는 가벼운 냇가의 느낌이 들어 밀도가 낮을 것으로 상상됨.
176,11,배뀽,A3,running,,,,,,,,,,,,
177,12,미지,A3,running,8.0,[열D] colD,"[열C] colC,[열B] colB,[열D] colD","[열C] colC,[열B] colB,[열D] colD","[열B] colB,[열C] colC,[열D] colD","윤슬, 뛰는 모습, 물의 첨벙임",5.0,5 | 잔잔한 물가에서 가볍게 뛰는 모습이 보통템포와 어울림,7.0,7 | 밝은 분위기를 표현,3.0,3 | 아이들이 달리고있으나 배경이 고요하여 전체적으로 단조로운 느낌이 들기때문에
178,13,boldmas,A3,running,9.0,,"[열B] colB,[열C] colC","[열B] colB,[열C] colC","[열B] colB,[열C] colC",The running boys in movement and the splashing water,9.0,9 | It looks like a very happy scene with the boys moving swiftly and the water splashing.,1.0,10 | The scene is very bright; it has bright shades of yellow and blue and it portrays the nostalgic feeling of childhood where everything seems beautiful and bright.,6.0,6 | the image is not too complex but very intricately portrayed.
179,14,jellybelly,A3,running,,,,,,,,,,,,
180,0,나비,A18,lying,1.0,[열D] colD,,"[열D] colD,[열C] colC","[열C] colC,[열B] colB","가만히 있는 사람과 (너무 정적인 포즈), 그리고 바람한결 불지않는것같은 배경 (나무가 곧음)",1.0,1,1.0,1,2.0,2
181,1,rub,A18,lying,3.0,,,"[열A] colA,[열B] colB",[열A] colA,wind passing the grassland,2.0,2 |  it should be a perfect music for taking a afternoon nap,6.0,6 |  even its for napping but it's still day time,2.0,2 |  sleeping.....
182,2,Daisy,A18,lying,2.0,,,"[열B] colB,[열C] colC,[열D] colD","[열B] colB,[열C] colC,[열D] colD","There is a human, and human is supposed to move even though the woman in this painting is just lying down.",2.0,2 |  The woman is only lying.,6.0,"6 |  It looks like a peaceful countryside, so I associate it with the country music, which, I think, has this pitch level.",6.0,6 |  Same reason with the one I gave for the pitch level. It feels like the sound of birds but not that high-pitched and dense.
183,3,Doky,A18,lying,0.0,,,"[열C] colC,[열D] colD",,딱히 역동적 느낌이 들지 않음.,0.0,"0 |  역동적 움직임이 없으므로, 매우 느린 템포가 어울릴 것 같음. ",1.0,1 |  역동적 움직임이 부족하기 때문에 낮은 pitch가 어울림. 해당 그림에 높은 pitch는 그림에 대한 이입이 어려울 것 같음. ,2.0,2 |  음악의 밀도 역시 높지 않은 것이 어울릴 것으로 보여짐. 그림의 다이나믹함이 거의 없기 때문에. 
184,4,chanpig,A18,lying,1.0,,,"[열C] colC,[열D] colD","[열D] colD,[열C] colC",밭정리를 하다가 누워서 ,2.0,2 |  주무시고계셔서 ,3.0,3 |  하늘을 보니 저녁보단 낮시간 처럼 밝라서 잠시 잠든느낌,5.0,5 |  잠시 잠든것같은 느낌 
185,5,곤듀,A18,lying,5.0,,,"[열B] colB,[열A] colA,[열C] colC,[열D] colD","[열A] colA,[열B] colB,[열C] colC,[열D] colD","색감이 전체적으로 건조하며, 화풍의 영향으로 인해 식물들이 흔들리는 느낌을 받음",2.0,2 |  식물들이 흩날리는 역동성이 느껴지나 그림 전체에서 느껴지는 쓸쓸함에 의해 다소 느림 템포가 어울릴 것으로 보임,2.0,2 |  그림에서 전체적으로 우울하고 쓸쓸한 느낌이 들기 때문에 낮은 음이 어울린다고 생각함,1.0,1 |  그림에서 전체적으로 우울하고 쓸쓸한 느낌이 들기 때문에 낮은 밀도의 음이 어울린다고 생각함
186,6,이인애,A18,lying,2.0,,,"[열A] colA,[열B] colB,[열C] colC,[열D] colD",,가로구조,2.0,2,3.0,3,5.0,5
187,7,고고,A18,lying,1.0,,,"[열C] colC,[열D] colD","[열C] colC,[열B] colB",누워있는 모습,1.0,1,1.0,1,1.0,1
188,8,경,A18,lying,0.0,,,"[열C] colC,[열D] colD","[열B] colB,[열C] colC",누워서 자는 모습에서 정적인 느낌이 남.,0.0,0 |  잠을 자는 정적인 느낌을 잘 드러냄.,0.0,0 |  잠을 자는 정적인 느낌을 잘 드러냄.,0.0,0 |  정적인 느낌을 잘 드러냄.
189,9,yoni,A18,lying,2.0,[열D] colD,,[열D] colD,,인물의 표정 나무의 흔들림,3.0,3,5.0,5,5.0,5
190,10,밍경댕,A18,lying,3.0,,,"[열C] colC,[열D] colD","[열D] colD,[열B] colB,[열C] colC",그냥 누워있기보단 작업 중에 힘들어서 쉬는 듯한 느낌이 들어 조금은 역동적으로 보임,6.0,6 |  여인의 힘듦을 표현하기 위해 조금 빠른 심박수와 같은 템포가 잘 어울릴듯,3.0,3 |  날씨도 흐려보이고 여인도 지쳐보여서 낮은 음의 음악이 잘 어울릴 것 같음.,3.0,3 |  가벼운 느낌의 음악일 것 같음.
191,11,배뀽,A18,lying,0.0,,,"[열B] colB,[열C] colC,[열D] colD","[열B] colB,[열C] colC,[열D] colD",모든 부분에 정체가 있어 역동적인 부분이 없음 ,1.0,1 |  아무 움직임도 없음 ,3.0,3 |  우울한 분위기는 아니라 찬찬한 느낌 ,4.0,4 |  평범한 일상의 느낌 
192,12,미지,A18,lying,2.0,,"[열B] colB,[열C] colC,[열D] colD","[열B] colB,[열C] colC,[열D] colD","[열C] colC,[열B] colB,[열D] colD","뒷배경의 하늘과 건물의 우중충한 색, 누워있는 여자가 지친 느낌을 줌",1.0,1 | 지친 느낌,2.0,2 | 지친 느낌,2.0,2 | 단조로운 음악에 낮은 밀도가 어울림
193,13,boldmas,A18,lying,1.0,,,"[열C] colC,[열D] colD","[열C] colC,[열D] colD,[열B] colB",There are no movements in the subject's body or her garments. The background is also very static.,1.0,1 | It feels like a warm and sunny day where the subject is taking a siesta. The music should also be slow and relaxing to match the mood of the artwork.,5.0,5 | it should be neutral like the painting itself.,2.0,"2 | The scenery is simple and static and the mood is relaxing, therefore, the music must also convey a similar mood."
194,14,jellybelly,A18,lying,,,,,,,,,,,,
195,0,나비,A1,running,8.0,,"[열A] colA,[열B] colB,[열D] colD","[열B] colB,[열A] colA,[열D] colD",,뛰어다닌는듯한 동작 -- 액션을 일부러 취하는 행동 ~ 움직임이 많음 + 파도의 모양,9.0,9,6.0,6,9.0,9
196,1,rub,A1,running,9.0,,"[열A] colA,[열B] colB,[열C] colC,[열D] colD","[열A] colA,[열B] colB,[열C] colC,[열D] colD","[열A] colA,[열B] colB,[열C] colC",The waves and the running legs are really dynamic,5.0,5 |  I think for me in general sunset ( or sunrise) + waves make me feel relaxing,4.0,4 |  Should be a pith that makes people feel comfortable,6.0,"6 |  even it should be relaxing for be based on the reasons above, but the kids also make me feel like it should be not ""quiet"""
197,2,Daisy,A1,running,9.0,"[열A] colA,[열B] colB,[열D] colD,[열C] colC","[열A] colA,[열B] colB,[열C] colC,[열D] colD","[열A] colA,[열B] colB,[열C] colC,[열D] colD",,There are three people running at the center of the picture. The waves and clouds should be moving.,5.0,"5 |  The beach looks peaceful to me. Also, for the people who can enjoy playing and swimming at the beach at sunset, the overall atmosphere is supposed to be calming.",7.0,"7 |  People are having fun, and the color scheme of the overall painting is warm.",5.0,5 |  The scene looks peaceful and calming.
198,3,Doky,A1,running,5.0,,"[열B] colB,[열C] colC","[열A] colA,[열B] colB,[열D] colD",,어린 아이들의 천진난만함(뛰어다니는 움직임)과 바닷가의 파도가 역동적인 움직임을 연상케 함. ,5.0,5 |  너무 빠르지도 않고 느리지도 않은 템포가 어울릴 것 같음. 풍경적으로도 그렇고 평화롭고 순진한 아이들이 장난치며 뛰어다니는 보통의 템포가 연상됨.,3.0,3 |  그림의 색채가 해가 지고 있을 때로 보여 비교적 어두움. 따라서 음악의 높낮이도 너무 밝은 것보다 잔잔하게 낮은 높낮이가 어울릴 것 같음.,1.0,1 |  아이들이 지는 석양 아래에서 뛰어가는 평화로운 느낌이기 때문에 음악의 밀도는 자연스럽게 낮은 것이 어울릴 것 같음.
199,4,chanpig,A1,running,8.0,,"[열A] colA,[열B] colB,[열C] colC,[열D] colD","[열A] colA,[열B] colB,[열C] colC,[열D] colD",,달리면서 옷이 날리고 파도가 치는것,7.0,7 |  달리면 좀 빨라야할것만같은 느낌 ,7.0,7 |  신나보임,6.0,6 |  아이들이라 그렇게 무겁지않은 느낌
200,5,곤듀,A1,running,7.0,,"[열A] colA,[열B] colB,[열C] colC,[열D] colD","[열A] colA,[열B] colB,[열C] colC,[열D] colD",,"사람들의 시선, 몸의 방향과 파도에서 역동성이 느껴지나 노을과 같은 색감으로 하늘을 표현한 부분에서 다소 차분함이 뭍어남",8.0,"8 |  그림은 석양이 드리운 해변에서 아이들이 즐겁게 뛰어노는 장면이 연상 됨.  샘플상의 보통, 매우빠름은 확실히 아니며, 보통 - 매우빠름 사이에서 빠름쪽에 조금더 치우친 템포가 어울리다고 생각함 ",8.0,8 |  그림에서 아이들이 뛰어노는 장면이 눈에 가장 먼저 들어오기 때문에 다소 높은 피치가 어울리다고 생각됨,7.0,"7 |  여전히 메인은 아이들임. 샘플의 매우 높은 밀도는 확실히 아니며, 보통 - 매우 높은 밀도 사이에서 보통에 조금더 치우친 음의 밀도가 어울린다고 생각함"
201,6,이인애,A1,running,9.0,,"[열C] colC,[열B] colB,[열D] colD,[열A] colA","[열A] colA,[열B] colB,[열D] colD,[열C] colC",,짙은색감 흔들림의표현,8.0,8,7.0,7,5.0,5
202,7,고고,A1,running,7.0,,"[열A] colA,[열B] colB,[열C] colC","[열A] colA,[열B] colB,[열C] colC",,달리는모습,7.0,7,7.0,7,7.0,7
203,8,경,A1,running,10.0,,"[열C] colC,[열A] colA,[열D] colD,[열B] colB","[열A] colA,[열B] colB,[열C] colC,[열D] colD",,달리는 아이들의 움직임과 파도의 움직임이 잘 느껴짐.,1.0,10 |  달리는 아이들의 가벼운 움직임과 밝은 분위기를 잘 드러냄.,6.0,"6 |  샘플에서 보통의 음높이가 충분히 높다고 느껴짐, 밝은 분위기와 아이들의 가벼운 움직임이 잘 드러남.",6.0,6 |  아이들의 순수함과 맑은 분위기를 잘 드러냄. 복잡하지 않은 움직임을 잘 드러냄.
204,9,yoni,A1,running,8.0,,,"[열A] colA,[열B] colB,[열C] colC,[열D] colD","[열A] colA,[열B] colB,[열C] colC,[열D] colD","색감, 인물의 자세",5.0,5 |  인물들의 자세 및 움직임은 활동적이지만 배경의 느낌이(색감) 차분하기에 중간,7.0,7 |  인물의 전체적인 모습이 웃고있는것으로 느껴짐,7.0,7 |  뛰고있다는 느낌이라서
205,10,밍경댕,A1,running,10.0,,"[열A] colA,[열B] colB,[열C] colC,[열D] colD","[열D] colD,[열C] colC,[열B] colB,[열A] colA",,아이들의 뛰는 모습과 웃는 얼굴 또 앞에 달리는 아이의 시선이 역동적으로 느껴지게 만듬.,2.0,2 |  급박한 움직임이 아니라 평화로운 움직임으로 보여 차분한 음악이 더 잘 어울릴 것으로 예상됨.,7.0,7 |  아이들의 천진난만함을 표현하기 위해 좀 높은 음의 음악이 그려짐,2.0,2 |  아이라는 속성이 밀도가 낮음과 가깝다고 생각해 낮음 음의 음악이 잘 어울림.
206,11,배뀽,A1,running,7.0,,"[열A] colA,[열B] colB,[열C] colC,[열D] colD","[열A] colA,[열B] colB,[열D] colD",[열B] colB,사람이 뛰고 있음 ,5.0,5 |  일상적인 느낌,8.0,8 |  어린 애들이 있어서 활발한 느낌,5.0,5 |  일상의 여유로움
207,12,미지,A1,running,8.0,,"[열A] colA,[열B] colB,[열C] colC,[열D] colD","[열A] colA,[열B] colB,[열C] colC,[열D] colD",,거친 파도와 달리는 아이들의 모습이 역동적인 느낌을 줌,7.0,7 | 파도가 밀려오는 속도만큼의 빠르기가 어울린다고 생각함 파도가 여러겹으로 연속적으로 치고있는 것으로 보이므로 약간 빠른 템포,5.0,5 | 무거운 파도소리와 가벼운 아이들의 소리가 합쳐진 보통의 높이,9.0,"9 | 연속적인 파도소리와 아이들의 뛰는소리, 웃음소리 등이 밀도높은 음악으로 표현될 수 있음"
208,13,boldmas,A1,running,9.0,,"[열A] colA,[열B] colB,[열C] colC,[열D] colD","[열A] colA,[열B] colB,[열C] colC,[열D] colD",,The children running as well as the sea waves.,4.0,"4 | To represent a lively, yet, peaceful feeling.",5.0,"5 | There seems to be a balance between the running children and the waves plus the darker shades of the sunset. There seems to be a bittersweet, nostalgic feeling.",1.0,"1 | This is a very happy, yet relaxing moment that is about to end by nightfall. The day is about to end and the sparse music represent relaxation and sleep after a day of playfulness."
209,14,jellybelly,A1,running,8.0,,,"[열A] colA,[열B] colB,[열D] colD",[열A] colA,"뛰는 동작이 사실적으로 표현이 되었고, 특히 우측 남자아이의 경우 몸의 근육이 디테일하게 묘사되어 그림이 더욱 더 역동적인 느낌이 듭니다.",5.0,5 | 물론 ,5.0,"5 | 분위기는 차분하고 해도 지고 있는 상황이니 너무 높지 않았음 좋겠고, 다만 어린 아이들이 그림의 주인공이기 때문에 너무 낮은 것 또한 어울리지 않는다고 생각하여 5점을 선택했습니다.",5.0,"5 | 그냥 이 그림은 모든게 적당했음 좋겠는 마음입니다. 너무 빠르지도 느리지도 않고, 너무 높지도 낮지도 않으며, 밀도도 딱 적당한 것이 그림의 분위기를 극대화한다고 생각합니다."
210,0,나비,A19,standing,0.0,,"[열B] colB,[열C] colC","[열C] colC,[열B] colB",,너무 평온한 자세. 흰 바탕. 무표정,0.0,0,2.0,2,1.0,1
211,1,rub,A19,standing,6.0,,"[열B] colB,[열C] colC,[열A] colA,[열D] colD","[열A] colA,[열D] colD",,her face and the blur wall make me feel like moving,3.0,3 |  it should be a slow tempo vibe after a mess for me,2.0,2 |  maybe should sounds a bit tragic or sad?,2.0,2 |  same reason above
212,2,Daisy,A19,standing,2.0,,"[열B] colB,[열C] colC","[열B] colB,[열C] colC","[열B] colB,[열C] colC,[열A] colA,[열D] colD","Only the woman in the painting can move around, which then leads to movements of objects on the floor.",2.0,"2 |  If there is movement, it would be very subtle.",2.0,2 |  The overall atmosphere is a bit gloomy.,2.0,2 |  Same reason with the question about the pitch.
213,3,Doky,A19,standing,0.0,,"[열B] colB,[열C] colC","[열B] colB,[열C] colC",,인물이 주는 역동적 느낌은 전혀 없음.,2.0,2 |  하얗고 잔잔한 분위기와 정적인 느낌까지 나므로 빠르지 않은 템포가 어울림.,4.0,4 |  뭔가 미묘한 분위기로 인하여 보통이나 조금 낮은 핏치의 음이 연상됨. ,2.0,2 |  낮은 밀도의 음악이 잔잔하고 정적인 그림의 느낌과 어울림.
214,4,chanpig,A19,standing,2.0,,"[열B] colB,[열C] colC","[열B] colB,[열C] colC","[열B] colB,[열C] colC",사람이 걸어서 드레스가 뒤로 조금 끌린자국,2.0,2 |  가만히 서있어서 ,3.0,3 |  색감이 좀 칙칙해서 ,3.0,3 |  바닥에 동물 모피? 가 있어서 긴장감이 있음 
215,5,곤듀,A19,standing,0.0,,[열B] colB,,,"인물, 배경, 표현 모두 역동적인 느낌이 들지 않음",2.0,2 |  상당히 정적으로 느껴지는 그림으로 느린 템포의 음악이 어울릴 것으로 생각됨,2.0,2 |  상당히 정적으로 느껴지는 그림으로 높은 피치의 음악은 어울리지 않을 것으로 생각됨,0.0,0 |  상당히 정적으로 느껴지는 그림으로 낮은 밀도의 음을 길게 늘어 트리는 형식의 음악이 어울릴 것으로 생각됨.
216,6,이인애,A19,standing,1.0,"[열A] colA,[열D] colD,[열B] colB,[열C] colC","[열A] colA,[열D] colD,[열B] colB,[열C] colC","[열A] colA,[열D] colD,[열B] colB,[열C] colC",,배경선과 인물이 평행구조,3.0,3,2.0,2,6.0,6
217,7,고고,A19,standing,0.0,,"[열B] colB,[열C] colC","[열C] colC,[열B] colB","[열B] colB,[열C] colC",제자리에 서있음,0.0,0,0.0,0,0.0,0
218,8,경,A19,standing,1.0,,"[열B] colB,[열C] colC",[열C] colC,[열B] colB,가만히 서 있는 정적인 분위기를 느낄 수 있음.,1.0,1 |  가만히 서 있는 정적인 분위기를 잘 나타냄.,2.0,2 |  정적인 분위기를 잘 나타냄.,1.0,1 |  가만히 서 있는 정적인 분위기를 잘 드러냄.
219,9,yoni,A19,standing,5.0,,,,"[열A] colA,[열B] colB,[열C] colC,[열D] colD",인물의 옷과 벽고ㅏ 대비되는 바닥  ,3.0,3,3.0,3,7.0,7
220,10,밍경댕,A19,standing,3.0,,"[열B] colB,[열C] colC","[열C] colC,[열B] colB","[열B] colB,[열C] colC,[열A] colA,[열D] colD",바닥에 있는 동물 사체들과 여인의 표정이 너무 대비가 돼 오히려 조금 역동적인 느낌을 줌.,1.0,1 |  차갑고 차분한 음악이 표현 될 것 같음 ,9.0,9 |  높은 음으로 여인의 무관심함을 표현할 것 같음.,1.0,1 |  낮은 밀도로 여인의 공허함을 표현
221,11,배뀽,A19,standing,0.0,,,,[열B] colB,여자 표정이 너무 우울하고 색채도 어두워서 역동성이 없음,2.0,2 |  우울하다 ,3.0,3 |  귀를 때리는 소리는 아닌 것 같음,7.0,7 |  스산한 분위기를 나타내면 좋을 것 같다 
222,12,미지,A19,standing,1.0,,"[열B] colB,[열C] colC","[열B] colB,[열C] colC","[열A] colA,[열B] colB,[열C] colC,[열D] colD",폐허같은 배경과 머리카락 옷의 움직임이 없는 모습이 정적으로 느껴짐,0.0,0 | 폐허의 느낌을 살리기위해,1.0,1 | 음울한 분위기의 낮은 음,1.0,1 | 밀도가 높을수록 풍요로운 느낌을 줄 수 있으므로 공허한 느낌은 낮은 밀도의 음악으로 표현
223,13,boldmas,A19,standing,2.0,,"[열B] colB,[열C] colC","[열C] colC,[열B] colB","[열B] colB,[열C] colC",The subject of the painting is standing there,3.0,"3 | The subject is standing in a neutral position, wearing white, and not much movement is happening.",5.0,5 | the colors and the character are very neutral,1.0,1 | not much is going on in terms of color and movements
224,14,jellybelly,A19,standing,,,,,,,,,,,,
225,0,나비,A21,standing,2.0,,[열B] colB,[열B] colB,[열B] colB,"그냥 정적으로 서있고, 표정이 무표정이었던 부분. 그런데 핑크색+밝은느낌이라 살작 역동적이게 보이도 함.",2.0,2,7.0,7 |  핑크색적인 부분,1.0,1
226,1,rub,A21,standing,0.0,"[열C] colC,[열B] colB",,,,I don't really think anything is moving in this painting to be honest,1.0,1 |  almost static,5.0,5 |  it looks really moderate,5.0,5 |  it looks really moderate
227,2,Daisy,A21,standing,5.0,"[열D] colD,[열C] colC",[열B] colB,"[열B] colB,[열A] colA",[열B] colB,"There is a woman in the center of the painting. For A3, C1, and D1, I think the color gradient there implies some movements.",5.0,"5 |  The red color adds to the high tempo. Other than that, the scene is still.",8.0,8 |  The woman matches with some high-pitched music.,5.0,"5 |  There is only a woman in the scene, so I rate the average level of density."
228,3,Doky,A21,standing,0.0,[열B] colB,"[열B] colB,[열A] colA",[열B] colB,,역동적으로 느껴지지 않음.,3.0,3 |  역동적인 움직임은 없으나 밝고 경쾌한 색채로 인해 너무 느리지는 않은 템포가 어울림.,7.0,7 |  색채가 밝기 때문에 높은 음악이 더 어울림.,8.0,8 |  밝은 색채와 다양하고 화려한 패턴으로 인하여 음악의 밀도 역시 조금 더 높았으면 좋겠음. 
229,4,chanpig,A21,standing,6.0,,[열B] colB,"[열A] colA,[열B] colB,[열C] colC,[열D] colD","[열A] colA,[열B] colB,[열D] colD,[열C] colC",사람은 그냐우서 있지만 배경과 사물들이 휘어져있어 조금 역동적,7.0,7 |  배경이 주는 느낌도 있고 색감이 정신없다 ,5.0,5 |  정신없는 느낌,5.0,5 |  그림들이 곡선이 많아서 느리면서 빠를꺼같은 느낌
230,5,곤듀,A21,standing,0.0,,[열B] colB,,,전혀 역동적인 느낌이 들지 않음. 그림 속의 모습은 마치 사진을 찍기위한 세트장과 같은 정적인 느낌을 받음.,8.0,"8 |  역동적인 느낌이 전혀 들지 않는 그림이지만, 전체적인 색감이 밝고 가벼운 느낌을 줌에 따라 느린 템포보다는 다소 빠른 템포가 어울릴 것으로 생각함.",8.0,"8 |  역동적인 느낌이 전혀 들지 않는 그림이지만, 전체적인 색감이 밝고 가벼운 느낌을 줌에 따라 낮은 피치보다는 다소 높은 피치의 음이 어울릴 것으로 생각함.",5.0,5 |  음의 밀도가 매우 낮거나 매우 높아 지는 등 호소력 있는 스타일은 어울리지 않음
231,6,이인애,A21,standing,6.0,[열C] colC,"[열A] colA,[열B] colB,[열C] colC",[열A] colA,,흐트러진형체의표현(곡선),4.0,4,3.0,3,6.0,6
232,7,고고,A21,standing,1.0,,[열B] colB,[열B] colB,[열B] colB,제자리에 서있음,1.0,1,1.0,1,1.0,1
233,8,경,A21,standing,1.0,,[열B] colB,[열B] colB,[열B] colB,가만히 서 있는 모습에서 정적인 느낌을 받을 수 있음.,1.0,1 |  가만히 서 있는 정적인 분위기를 잘 나타냄.,2.0,2 |  멍한 느낌과 정적인 분위기를 잘 드러냄.,2.0,2 |  정적인 분위기를 잘 드러냄.
234,9,yoni,A21,standing,5.0,"[열A] colA,[열D] colD","[열A] colA,[열D] colD",,,그림 전체의 다양하고 팝한 색감,3.0,3,7.0,7,3.0,3
235,10,밍경댕,A21,standing,4.0,,[열B] colB,[열B] colB,[열B] colB,포즈는 정적이나 색감이 따뜻해 조금은 움직이는 듯한 느낌이 듦.,3.0,3 |  차분한 음악이 잘 어울릴듯 ,4.0,4 |  약간 낮은 음으로 따뜻한 색감을 표현할 것 같음.,7.0,7 |  전체적으로 가벼운 느낌이 들어서 
236,11,배뀽,A21,standing,,,,,,,,,,,,
237,12,미지,A21,standing,5.0,"[열B] colB,[열A] colA,[열C] colC,[열D] colD","[열B] colB,[열A] colA,[열C] colC,[열D] colD",[열B] colB,,여성의 동작은 역동적이지 않지만 배경의 화려함이 역동적 느낌을 줌,6.0,6 | 배경의 현란함을 표현하기 위해,6.0,6 | 화려한 배경이 차지하는 비율이 높기때문에 보통보다 약간 높은 음,8.0,8 | 배경의 현란함을 높은 밀도로 표현가능
238,13,boldmas,A21,standing,7.0,[열A] colA,[열B] colB,"[열A] colA,[열B] colB",[열B] colB,The brightest colors and most brush strokes are in those areas or the painting's subject is in that region.,4.0,4 | It gives off a chic and relaxing feelings. The music's tempo should be similar to that of an elevator's. Relaxing and jazz-like.,8.0,8 | higher pitch to match the screaming red colors of the ambient,2.0,2 | The ambient is red and adorned with flowers but it is nothing too complicated and the brush strokes are tame
239,14,jellybelly,A21,standing,,,,,,,,,,,,
240,0,나비,A4,dancing,8.0,,[열C] colC,[열C] colC,[열C] colC,팔다리의 움직임. 가만히있지 않는 자세,8.0,8,7.0,7,9.0,9
241,1,rub,A4,dancing,8.0,[열C] colC,"[열A] colA,[열B] colB,[열C] colC","[열A] colA,[열B] colB,[열C] colC",,the characters in the painting are all really vivid,9.0,9 |  they are partying!!,8.0,8 |  the flute and tambourine makes me feel like that,9.0,9 |  the flute and tambourine makes me feel like that
242,2,Daisy,A4,dancing,9.0,,"[열A] colA,[열B] colB,[열C] colC,[열D] colD","[열A] colA,[열B] colB,[열C] colC,[열D] colD","[열A] colA,[열C] colC",There is a huge group of people who are enjoying the music.,8.0,8 |  I think it’s a happy dance to celebrate the harvest season.,6.0,"6 |  The pitch is not very high, but it should sound full of joy and fun.",7.0,"7 |  Since it’s a happy dance, the density should be relatively high."
243,3,Doky,A4,dancing,8.0,,[열C] colC,[열C] colC,,인물의 움직임과 악기(탬버린)의 가미. 또한 밝고 강렬한 색채.,7.0,7 |  악기가 보여지므로 조금 빠른 템포의 움직임이 어울릴 것 같음.,8.0,8 |  강렬하고 화려한 색채로 인하여 높은 핏치의 음악이 어울림.,8.0,8 |  뭔가 빠르고 밀도 있는 음악이 경쾌한 상황과 역동성과 어울림. 
244,4,chanpig,A4,dancing,5.0,,[열C] colC,[열C] colC,,탬버린을 흔드는 모습이 역동적이다 ,6.0,6 |  막 빠른 느낌은 없고 짤랑 짤랑 흔들꺼같음 ,5.0,5 |  색감이 조금 밝은 색이 아니라서 음이 높지않을것같다 ,8.0,8 |  색감이 명암이 좀 탁한편이라 밀도가 높아보임 
245,5,곤듀,A4,dancing,6.0,"[열A] colA,[열D] colD","[열B] colB,[열A] colA,[열C] colC,[열D] colD","[열A] colA,[열B] colB,[열C] colC,[열D] colD",,인물들의 표정 및 주변 배경을 표현함에 있어서 현실적인 역동성이 느껴짐,7.0,7 |  인물들의 표정과 탬버린과 같은 타악기를 들고 춤을추는 듯한 모습에 매우 빠르진 않지만 약간은 빠른템포의 음악이 어울릴 것으로 생각함,5.0,5 |  그림에서 음의 높낮이를 조절하여 인위적으로 만드는 음악 또는 노래가 아닌 사람의 육성이 들리는 듯한 느낌을 받음.,5.0,"5 |  그림에서 현실적인 느낌을 받고 있으며, 적당한 밀도의 음악이 어울릴 것으로 생각함"
246,6,이인애,A4,dancing,5.0,,[열C] colC,"[열B] colB,[열C] colC",,움직임표현,6.0,6,6.0,6,3.0,3
247,7,고고,A4,dancing,7.0,,[열C] colC,[열C] colC,[열C] colC,춤추는 모습,7.0,7,7.0,7,7.0,7
248,8,경,A4,dancing,9.0,,[열C] colC,"[열B] colB,[열C] colC",[열C] colC,춤추는 모습과 박수 치는 모습을 통해 활동적인 느낌을 받을 수 있음.,8.0,8 |  가볍고 밝은 춤을 추는 움직임을 잘 드러냄.,7.0,7 |  춤을 추는 움직임을 잘 드러냄.,8.0,8 |  가볍게 춤을 추는 화려한 움직임을 잘 드러냄.
249,9,yoni,A4,dancing,7.0,"[열C] colC,[열D] colD",[열C] colC,[열B] colB,[열C] colC,인물의 움직임 관객의 표정,5.0,5,8.0,8,7.0,7
250,10,밍경댕,A4,dancing,8.0,[열C] colC,"[열D] colD,[열C] colC,[열A] colA,[열B] colB","[열D] colD,[열C] colC,[열B] colB,[열A] colA","[열D] colD,[열C] colC",여인의 역동적인 포즈와 관객의 즐거운 표정,4.0,4 |  적당한 템포의 음악으로 가벼운 춤을 추는 듯한 느낌,7.0,7 |  피리의 음에 맞추어 춤을 추는 걸 보니 조금은 높은 음이 상상됨.,2.0,2 |  피리와 탬버린 만으로 만들어지는 음악이 상상이 감. 그림에 나오는 악기 수와 밀도는 근접한 관계가 있을듯
251,11,배뀽,A4,dancing,,,,,,,,,,,,
252,12,미지,A4,dancing,6.0,,"[열A] colA,[열B] colB,[열C] colC",[열B] colB,,악기를 연주하며 춤추는 모습 박수치는 모습이 역동적임,6.0,6 | 등장인물들의 큰 동작이 보이지 않아서,8.0,8 | 낮은 음의 악기는 보이지 않아서,3.0,3 | 악기의 종류가 적어서
253,13,boldmas,A4,dancing,8.0,"[열C] colC,[열D] colD","[열B] colB,[열C] colC,[열D] colD,[열A] colA","[열C] colC,[열D] colD,[열B] colB,[열A] colA",[열C] colC,"That is where the subjects are, and that's also where the movements are taking place. The fire burning also gives more elements of movement to the scene.",8.0,8 | The lady in the front is dancing to a rhythm that is not too fast. Others are attentively watching her as if she is a shaman and not dancing along.,6.0,6 | There is a balance between the dancing woman and the spectators.,7.0,7 | The image consists of multiple characters in different positions and three separate background colors and sceneries with a fire burning in the front. The image is very complex although not too much movement is taking place.
254,14,jellybelly,A4,dancing,,,,,,,,,,,,
255,0,나비,A5,dancing,6.0,,"[열B] colB,[열C] colC","[열C] colC,[열B] colB",,팔다리의 움직임이 쉬운움직임이 아님,8.0,8,9.0,9,7.0,7
256,1,rub,A5,dancing,7.0,,"[열B] colB,[열C] colC",,,The ribbon is really dynamic,8.0,8 |  I think the characteristic style of this painting is really obviously Indian or mid-asian,8.0,8 |  the same reason above,9.0,9 |  it should be danceable with really fancy moves
257,2,Daisy,A5,dancing,6.0,,"[열B] colB,[열C] colC","[열B] colB,[열C] colC","[열C] colC,[열B] colB",Only the human is moving.,8.0,8 |  She is dancing.,8.0,"8 |  I guess the music is from some Indian, Middle Eastern culture, and as far as I know the pitch of their music is pretty high.",8.0,8 |  The music from Indian and Middle Eastern culture is dense too.
258,3,Doky,A5,dancing,5.0,,"[열B] colB,[열C] colC","[열B] colB,[열C] colC",,"색채의 활기참, 배경의 밝기, 인물의 동작이 역동적 느낌을 double-up 시킴.",6.0,6 |  역동성을 나타내는 움직임의 정도가 크지는 않지만 인물의 의상 색이 발랄하고 활기차기 때문에 보통보다는 조금 더 빠른 템포가 어울릴 것 같음.,7.0,"7 |  음악의 높낮이는 높은 것이 어울릴 것 같음. 템포가 빠르지는 않아도, 핏치가 높으면 뭔가 자연스러우면서도 활기차보이는 이미지가 극대화될 것 같음. ",7.0,7 |  그림속 색채와 명도가 밝고 그림속 다양한 패턴들의 조화로 인하여 음악의 밀도가 높은 것이 어울릴 것 같음. 
259,4,chanpig,A5,dancing,4.0,,"[열C] colC,[열B] colB",,,머리위에 손을 올려서 춤을 추는듯함,3.0,3 |  천천히 움직이면서 춤을 추는듯함,3.0,3 |  색감도 좀 어둡고 느긋하게 춤출듯함,7.0,7 |  색감이 어둡고 명암이 어둡게 들어가서 밀도가 높아보임 
260,5,곤듀,A5,dancing,5.0,,"[열B] colB,[열C] colC","[열B] colB,[열C] colC","[열C] colC,[열B] colB","인물의 포즈에서 역동성이 느껴짐, 그림의 질감 때문에 아주 역동적이게 느껴지진 않음",8.0,8 |  인물의 포즈에서 다소 분주함이 느껴짐. 샘플상의 매우 빠름은 확실히 아님. 보통 - 매우 빠름 사이에서 빠름에 살짝 더 치우친 템포,3.0,3 |  샘플상의 보통은 본 그림에 어울리지 않음  매우 낮은 스타일 - 보통 사이에서 보통에 조금더 치우치는 피치,8.0,8 |  전체적으로 큰 역동성은 느껴지지않으나 인물의 행동에서 어느정도의 분주함은 느껴짐. 샘플상의 매우 높은 밀도는 확실히 아님 보통 - 매우 높은 밀도 사이에서 높은 밀도에 조금더 치우친 밀도
261,6,이인애,A5,dancing,4.0,,"[열B] colB,[열C] colC",,,선의표현,3.0,3,7.0,7,3.0,3
262,7,고고,A5,dancing,5.0,,"[열B] colB,[열C] colC","[열B] colB,[열C] colC",,춤추는모습,5.0,5,5.0,5,5.0,5
263,8,경,A5,dancing,7.0,,"[열B] colB,[열C] colC",,[열C] colC,"표정, 팔다리의 움직임.",6.0,6 |  아주 빠르지는 않은 움직임을 잘 드러냄.,4.0,4 |  적당한 움직임을 잘 드러냄.,6.0,6 |  아주 빠르지는 않은 적당히 화려한 움직임을 잘 드러냄.
264,9,yoni,A5,dancing,8.0,,"[열B] colB,[열C] colC","[열B] colB,[열C] colC","[열B] colB,[열C] colC",인물의 얼굴,7.0,7,7.0,7,6.0,6
265,10,밍경댕,A5,dancing,8.0,,"[열B] colB,[열C] colC",,"[열C] colC,[열B] colB",손짓과 발짓 의상의 화려함을 통해 역동적임이 느껴짐.,8.0,8 |  브라질의 삼바처럼 좀 빠른 음악이 상상됨,8.0,8 |  높은 음으로 신나는 느낌 ,3.0,3 |  여러 악기를 동시에 연주해 화려한 느낌이 상상됨.
266,11,배뀽,A5,dancing,4.0,,"[열B] colB,[열C] colC","[열B] colB,[열C] colC","[열B] colB,[열C] colC",사람의 춤사위 ,4.0,4 |  3/4박자 느낌 ,8.0,8 |  인도 쪽 전통 춤 생각나서 높은 음이 어울릴 것 같음 ,2.0,2 |  그렇게 촘촘한 느낌은 아님
267,12,미지,A5,dancing,7.0,,"[열B] colB,[열C] colC","[열B] colB,[열C] colC,[열A] colA,[열D] colD",,전체적으로 단조로운데 해당부분만 색채감이 있어서,7.0,"7 | 뱀이 움직이는 동작, 뱀을 든 여성의 동작이 빠른템포와 어울림",9.0,9 | 빠른 움직임에 어울림,8.0,8 | 빠른 움직임에 어울림
268,13,boldmas,A5,dancing,6.0,,"[열B] colB,[열C] colC","[열B] colB,[열C] colC","[열B] colB,[열C] colC",The woman is the subject of the painting and seems to be dancing.,3.0,3 | The woman seems to be dancing slowly with a snake in hands.,6.0,6 | It gives off a feeling similar to the Arabian Nights or Aladdin. Such imagery is usually associated with higher pitch.,3.0,3 | The subject seems to be dancing slowly and steadily and nothing else seems to be happening.
269,14,jellybelly,A5,dancing,,,,,,,,,,,,
270,0,나비,A20,standing,2.0,,"[열B] colB,[열C] colC","[열B] colB,[열C] colC",,움직임이 없음.,1.0,1,6.0,6 |  새소리가 조금 날 것 같아서 (약간의 높은 음?),2.0,2
271,1,rub,A20,standing,0.0,,,[열B] colB,,"this pic is not really moving for me, but i think the artist wants me to notice the waving white dress",1.0,1,6.0,6 |  it's bright but silent,2.0,2 |  I don't want to interrupt the girl by fancy music
272,2,Daisy,A20,standing,6.0,"[열A] colA,[열B] colB","[열A] colA,[열B] colB",[열B] colB,[열B] colB,"The road is still. Only the female should be moving, and probably the trees in the forest have their leaves move when there is wind.",3.0,3 |  It gives me a feeling of a peaceful afternoon.,2.0,2 |  The female looks a bit lonely.,2.0,2 |  The female is doing nothing much.
273,3,Doky,A20,standing,3.0,,,[열B] colB,,인물의 움직임이 크게 느껴지지는 않아 활기참이 느껴지지는 않지만 인물의 옷 색깔로 인하여 조금 역동적 느낌이 강조됨. (그래도 보통 이하),4.0,"4 |  인물의 행동에는 없지만, 의류의 색채적인 활기찬 부분이나, 환경의 웅장함으로 인하여 너무 느리지는 않은 보통정도의 템포가 어울릴 것 같음.  ",4.0,4 |  vibrant한 빨간 색채와 대비되는 어둡고 웅장한 숲의 느낌이 중화되어 보통의 높낮이가 이상적으로 생각됨. ,6.0,6 |  밀도 역시 보통보다 조금 높거나 딱 보통의 밀도가 그림의 평화로움과 인물의 발랄함을 동시에 잘 표현할 수 있을 것 같음. 
274,4,chanpig,A20,standing,3.0,,,[열B] colB,[열B] colB,내리막길에 사람이 나려가다 쉬어서 ,5.0,5 |  걸어내려갈것같아서 ,7.0,7 |  맑은 날에 가벼운 산책하는 느낌,5.0,5 |  산책을하는데 내리막길이라 너무 느리지않고 적당히 
275,5,곤듀,A20,standing,2.0,"[열A] colA,[열B] colB","[열A] colA,[열B] colB","[열A] colA,[열B] colB",,숲?을 표현한듯한 부분에서 잎들이 흔들리는 듯한 느낌을 받음,1.0,1 |  그림이 전체적으로 우울함이 느껴짐 샘플상의 보통 이상의 템포는 전혀 떠오르지가 않음,0.0,0 |  개인적으로 그림에서 우울함과 쓸쓸함이 느껴지므로 샘플상의 매우 낮은 음이 적절하다고 생각함,0.0,0 |  개인적으로 이 그림에서는 호소력 짙은 표현이 어울리지 않다고 생각됨
276,6,이인애,A20,standing,4.0,,,[열C] colC,"[열B] colB,[열A] colA",선의질감,4.0,4,6.0,6,7.0,7
277,7,고고,A20,standing,1.0,,,[열B] colB,,서있는 모습,1.0,1,1.0,1,1.0,1
278,8,경,A20,standing,1.0,,,[열B] colB,[열B] colB,가만히 서 있는 인물의 모습을 통해 대체로 정적인 분위기를 자아냄.,2.0,"2 |  정적인 분위기, 잠을 자는 정도는 아니고 가만히 서 있는 모습에 잘 어울림.",2.0,2 |  적당히 정적인 모습을 잘 드러냄.,2.0,2 |  적당히 정적인 모습을 잘 드러냄.
279,9,yoni,A20,standing,5.0,,,[열B] colB,[열B] colB,그림의 질감과 옷의 색감,3.0,3,9.0,9,7.0,7
280,10,밍경댕,A20,standing,3.0,,[열B] colB,[열B] colB,[열B] colB,여인은 가만히 있어보이나 빨간 옷의 색상이나 화법이 조금은 역동성을 느끼게 해줌,2.0,2 |  배경이나 자세나 느린 음악이 잘 어울릴 것 같음.,4.0,4 |  약간 낮은 음으로 여인의 정적인 모습을 표현하고 너무 낮진 않은 음을 쓴 이유는 여인의 옷차림이나 배경의 우거짐을 통해 기온이 좀 따뜻할 것 같아서,6.0,6 |  밝은 느낌의 그림은 아니라 밀도가 조금은 있었으면 좋겠음.
281,11,배뀽,A20,standing,3.0,"[열A] colA,[열B] colB,[열D] colD,[열C] colC","[열A] colA,[열B] colB,[열C] colC,[열D] colD","[열A] colA,[열B] colB",,나무의 흔들거림 ,5.0,5 |  일상의 평화로움 ,1.0,"1 |  고요한 느낌, 자연의 소리만 들릴 것 같음 ",2.0,2 |  클래식에 어울림 
282,12,미지,A20,standing,0.0,"[열A] colA,[열B] colB,[열C] colC,[열D] colD","[열A] colA,[열B] colB,[열C] colC,[열D] colD",,,울창한 숲이 정적으로 보임,0.0,0 | 어두운 숲속의 느낌이 강해서,2.0,2 | 배경의 무게감이 무겁게 느껴져서,0.0,0 | 그림에서 단조로운 느낌이 듦
283,13,boldmas,A20,standing,5.0,,,[열B] colB,[열B] colB,The subject of the painting is placed there.,2.0,2 | The subject of the artwork is resting and nothing else seems to be happening.,4.0,4 | The dark forest gives the painting a somber feeling in contrast to the resting lady who is very bright and lively colors.,3.0,3 | The trees feel overwhelming in contrast to the woman.
284,14,jellybelly,A20,standing,4.0,,,[열B] colB,"[열A] colA,[열B] colB","그림속 인물이 입고 있는 빨간색 스웨터의 색감이 강렬하고, 전반적인 붓터치가 과감하고 거칠어 역동적인 느낌을 자아내는 것 같습니다.",3.0,3 | 이 그림 또한 휴식의 장면을 그리고 있기 때문에 빠른 템포가 아닌 적당히 느린 템포의 음악이 잘 어우릴 것이라고 생각합니다.,4.0,4 | 그림의 전반적인 채도나 명도가 낮은 것을 보아 차분한 분위기의 음악이 잘 어울릴 것 같습니다. 따라서 음악의 피치 또한 다소 낮은 편에 속하는 것이 자연스러울 것 같다는 의견입니다.,5.0,5 | 밀도는 적당한 것이 그림의 여유를 해치지 않을 것 같습니다. 또한 그림이 다소 거친감이 없지않아 있어서 너무 밀도가 높은 그림은 그림체와 어울리지 않는 것 같습니다.
285,0,나비,A7,ballet,7.0,,"[열B] colB,[열C] colC","[열B] colB,[열C] colC",,움직이는 동작이 뭔가를 하고잇는것같아서. ,8.0,8,4.0,4,8.0,8
286,1,rub,A7,ballet,8.0,,,,"[열B] colB,[열C] colC","I think tipping toe is not a regular pose that we will do in our dailylife as a static pose, as a result, I assumed it will be a capture of the move during a dance.",8.0,8 |  It reminds me of playful musics like Ｍozart,7.0,7 |  high pitch will be more vivid in general,9.0,9 |  Still think it should be a playful music with a lot of ornaments
287,2,Daisy,A7,ballet,8.0,,"[열B] colB,[열C] colC,[열D] colD,[열A] colA","[열C] colC,[열D] colD,[열B] colB,[열A] colA",[열B] colB,"I could see two people who are dancing in the middle, although other people around these two are standing still, which affected my scoring for the “dynamic feeling .”",8.0,8 |  The two people are dancing enthusiastically.,8.0,"8 |  I think the two people’s movements are of some high-pitched dance, probably because this is an old painting and I think they are dancing to some classic music.",8.0,"8 |  Again, they look so enthusiastic while dancing, so they might have heard some happy music."
288,3,Doky,A7,ballet,5.0,,"[열B] colB,[열C] colC","[열B] colB,[열C] colC",,"그림의 색채가 제일 밝기도 하고, 인물의 팔다리 움직임이 가장 역동적으로 보여짐.",7.0,7 |  조금 빠른 템포의 음악이 가미되어야 춤을 추는 인물의 동작에 이입감을 줄 수 있을 것 같음.,4.0,4 |  너무 높지 않지만 낮지도 않은 (낮음에 가까운) 보통의 피치가 그림의 어두운 배경 색채와 어울릴 것 같음.  가장 역동적인 움직임의 중앙 인물의 색채는 밝지만 전반적으로 그림을 봤을때에는 어두운 느낌이 강함. ,8.0,8 |  일단 역동적임을 보여주는 동작이 해당 그림에서는 '춤'이기 때문에 음악의 밀도는 높은 것이 좋을 것 같음.
289,4,chanpig,A7,ballet,5.0,,"[열B] colB,[열C] colC",,"[열B] colB,[열C] colC",몸이 기울어져있음 ,5.0,5 |  두명만 살짝의 기울임만 잇어서 ,5.0,5 |  색감이 주는 무거움,5.0,5 |  춤을 우와하게 출듯해서 적당히 천천히 움직일듯함  
290,5,곤듀,A7,ballet,5.0,,"[열B] colB,[열C] colC","[열B] colB,[열C] colC","[열B] colB,[열C] colC",선택한 부분에서 두 사람이 합을 맞추어 춤을 추고 있음이 느껴짐,5.0,5 |  그림의 색감 등 전체적인 분위기가 우아한 파티를 연상캐 함,3.0,3 |  샘플상의 보통피치는 본 그림에서 느껴지는 분위기에 비해 가볍다고 생각됨. 매우 낮은 피치 또는  매우 낮은 - 보통의 사이정도의 피치가 적당할 것으로 생각함.,5.0,5 |  그림을 보자마자 우아함이 연상됨. 따라서 보통의 음의 밀도가 적합하다고 생각함.
291,6,이인애,A7,ballet,4.0,,"[열B] colB,[열C] colC",,"[열B] colB,[열C] colC",움직임표현,4.0,4,5.0,5,3.0,3
292,7,고고,A7,ballet,5.0,,"[열B] colB,[열C] colC",[열B] colB,,손,5.0,5,5.0,5,5.0,5
293,8,경,A7,ballet,6.0,,"[열D] colD,[열B] colB,[열C] colC","[열A] colA,[열D] colD,[열B] colB","[열A] colA,[열B] colB","동적인 팔, 다리 동작과 다른 인물의 정적인 다리 동작으로 약간만 동적이라고 느낌.",5.0,5 |  빠르지 않게 적당히 동적인 느낌을 잘 드러냄.,2.0,2 |  고풍스러운 옷과 어울리는 적당히 동적인 분위기를 잘 드러냄.,2.0,2 |  너무 화려하지 않게 적당히 동적인 분위기를 잘 드러냄.
294,9,yoni,A7,ballet,5.0,,"[열B] colB,[열C] colC","[열B] colB,[열C] colC","[열B] colB,[열C] colC",인물의 움직임 (두 사람 제외하곤 움직임이 느껴지지않음),3.0,3,6.0,6,2.0,2
295,10,밍경댕,A7,ballet,8.0,"[열B] colB,[열C] colC",,,"[열B] colB,[열C] colC",발 끝이 세워져 있어 현재 정지상태가 아니라 움직이고 있는 것 같은 느낌을 줌,5.0,5 |  복장이 중세시대의 것으로 추정하였을 때 노래의 템포가 빠르지 않을 것 같고 춤 추는 방식이 그렇게 빠른 템포는 아닐 것 같아서,3.0,3 |  낮음 음의 중후한 음악에 맞춰 춤을 출 것 같은 느낌이 듬,9.0,9 |  오케스트라의 실제 연주를 음악삼아 춤을 추는 그림 같아서 밀도가 높을 것으로 예상됨.
296,11,배뀽,A7,ballet,4.0,,"[열B] colB,[열C] colC","[열B] colB,[열C] colC","[열B] colB,[열C] colC",가운데 두 사람의 손끝과 발끝,5.0,5 |  클래식 분위기라서 ,5.0,5 |  격렬하지 않아서 ,7.0,7 |  밀도는 높여서 간격이 없을 것 같음
297,12,미지,A7,ballet,6.0,,"[열B] colB,[열C] colC","[열B] colB,[열C] colC","[열B] colB,[열C] colC",춤을 추는 모습,6.0,6 | 춤을 추고있는 두명 빼고는 크게 역동적이어보이지 않아서 보통보다 약간 빠른 음악이 어울린다,3.0,3 | 상류층으로 보이기때문에 높지않은 음이 어울림,4.0,4 | 약간 가벼운 분위기로 보이기때문에
298,13,boldmas,A7,ballet,6.0,,"[열B] colB,[열C] colC","[열B] colB,[열C] colC",,This is where the most movement is taking place.,9.0,9 | It feels like they are dancing to a fast and lively music.,7.0,"7 | They seem to be dancing happily and to me, it is associated with a higher pitch.",1.0,"10 | They seem to be dancing happily with quick movements, and to me, it is associated with a higher density."
299,14,jellybelly,A7,ballet,5.0,,"[열C] colC,[열B] colB","[열B] colB,[열C] colC","[열C] colC,[열B] colB","두 사람이 춤을 추고 있는 (~ing) 동작이 보이기 때문에 그림의 역동성이 느껴졌습니다. 다만 level of movement가 높지 않고, 살랑살랑 움직이는 정도로 느껴졌기에 5점을 부여했습니다.",6.0,"6 | 춤을 추고 있는 장면이기 때문에 템포가 너무 느리기보다, 또 슬로우 댄스류의 춤은 아닌 것 같아 보통 정도의 템포인 음악이 그림 속 장면을 더욱 생생하게 살려줄 것이라고 봅니다.",6.0,"6 | 아까와 비슷한 이유로 너무 차분한 춤을 보이지 않아서 너무 낮으면 안될 것 같고, 또 옷의 색상이 다소 강렬하다보니 너무 잔잔하게 낮은 음역대의 곡이 아닌 적당히 높은 음악이 적절할 것으로 봅니다.",3.0,"3 | 밀도의 경우 작품 속 스토리의 밀도와도 연관 지을 수 있을 것 같은데, 이 작품 속에서는 중앙에 있는 남녀가 주축이 되며 별도의 스토리라인이 보이지 않기 때문에 너무 밀도가 높은 음악을 사용할 경우 음악이 그림을 압도할 것 같다는 생각입니다."
300,0,나비,A6,dancing,9.0,,"[열C] colC,[열B] colB","[열B] colB,[열C] colC","[열B] colB,[열C] colC","동작의 움직임이 커보임. 특히 치마를 봤을때 올라가진 부분이 많은걸 보아, 힘차게 움직였다는게 간접적으로 느껴짐.",9.0,9,7.0,7 |  밝은 느낌이 들어서,8.0,8
301,1,rub,A6,dancing,9.0,,"[열B] colB,[열C] colC","[열B] colB,[열C] colC",,her dress is the main thing makes me feel dynamic,9.0,"9 |  it's flamingo, isn't it?",8.0,8 |  it matches with plucked string instruments for me,9.0,9 |  fancy and always full of energy
302,2,Daisy,A6,dancing,6.0,,"[열B] colB,[열C] colC","[열B] colB,[열C] colC","[열B] colB,[열C] colC",The human is dancing. The background is even more empty than that of Artwork 5,8.0,8 |  She is dancing.,8.0,8 |  Her dress makes me think the dance is dynamic and exciting.,8.0,8 |  Same reason with the question about the pitch.
303,3,Doky,A6,dancing,7.0,,[열C] colC,"[열B] colB,[열C] colC",,밝으면서도 다양한 색채(알록달록함)와 춤을 연상케하는 동작과 이미지.,8.0,8 |  인물의 복장에서 보여지는 활발함과 이에서 빠르고 역동적인 춤이 연상되기 때문에 빠른 템포가 이상적임. ,8.0,8 |  밝고 빠른 템포에 높은 음악의 pitch가 밝고 경쾌한 역동적인 움직임을 극대화시킬 것 같음. ,9.0,9 |  밀도 역시 높아야 더 다채롭고 활기찬 역동적인 느낌을 강조시킬 수 있을 것 같음. 
304,4,chanpig,A6,dancing,5.0,,[열C] colC,"[열C] colC,[열B] colB",,치마가 위로 향해서 움직임이 느껴짐,4.0,4 |  몸이 열정적으로 움직이는 느낌은 없음 ,4.0,4 |  색감때문에 높은음보다는 보통이나 조금 낮게 느껴짐,6.0,6 |  밀도는 파란색이 주로 쓰였는데 맑게 쓰인게 아니라 탁해서 좀 밀도가 높아보임 
305,5,곤듀,A6,dancing,7.0,,[열C] colC,"[열B] colB,[열C] colC",,인물의 행동보다는 펄럭?이는 치마에서 역동성이 느껴짐,9.0,9 |  아무래도 펄럭이는 치마로 인해 탱고와 같은 춤이 연상됨에 따라 매우 빠른 템포가 어울리다고 생각함,1.0,1 |  펄럭이는 치마로 인해 탱고와 같은 음악이 연상되면서 묵직한 피치가 생각남,9.0,9 |  펄럭이는 치마로 인해 탱고와 같은 음악이 연상되기 때문에 매우 높은 밀도의 음악이 어울리다고 생각함
306,6,이인애,A6,dancing,8.0,[열B] colB,"[열C] colC,[열B] colB,[열A] colA","[열C] colC,[열B] colB,[열A] colA","[열C] colC,[열B] colB,[열A] colA",곡선의활용 둥글리는표현,7.0,7,7.0,7,4.0,4
307,7,고고,A6,dancing,,,,,,,,,,,,
308,8,경,A6,dancing,8.0,,[열C] colC,"[열C] colC,[열B] colB",,빨간 치마가 살짝 들려있는 모습이 움직임을 잘 드러냄.,8.0,8 |  열정적인 움직임을 잘 드러냄.,6.0,"6 |  밝은 분위기, 가볍고 화려한 움직임을 잘 드러냄.",9.0,9 |  화려한 움직임을 잘 드러냄.
309,9,yoni,A6,dancing,7.0,,,"[열B] colB,[열C] colC","[열B] colB,[열C] colC",치마와 발의 움직임이 역동적으로 느껴짐,7.0,7,3.0,3,8.0,8
310,10,밍경댕,A6,dancing,7.0,,"[열B] colB,[열C] colC","[열B] colB,[열C] colC","[열C] colC,[열B] colB",춤 동작과 화법이 약간 날리는 느낌이라 역동적으로 느껴짐,8.0,8 |  화려한 색상을 보면  빠른 템포가 상상됨.,9.0,9 |  발레 중에서도 밝은 쪽이 상상감.,2.0,2 |  인원도 한명이고 가벼운 연주에 춤을 추는 느낌임.
311,11,배뀽,A6,dancing,,,,,,,,,,,,
312,12,미지,A6,dancing,9.0,,[열C] colC,"[열B] colB,[열C] colC",,치마의 펄럭임,1.0,10 | 실제로 플라멩코 음악이 빠른템포이기 때문에,5.0,5 | 실제 플라멩코 음악을 떠올렸을때 어울림,8.0,8 | 실제 플라멩코 음악을 떠올렸을때 어울림
313,13,boldmas,A6,dancing,7.0,,"[열B] colB,[열C] colC","[열B] colB,[열C] colC","[열B] colB,[열C] colC",the movements of the subject's skirt and the brush strokes that go in different directions,7.0,7 | She seems to be dancing quickly because her skirt is wildly moving around.,8.0,"8 | According to her dress movements and her position, it seems like the music should sound lively.",7.0,7 | The music should be associated with the different colors of her dress and her swift movements.
314,14,jellybelly,A6,dancing,,,,,,,,,,,,
